	chrom	end	start	strand	disruption_SCD	insertion_SCD
0	chr4	87368268	87368249	+	90.56	65.75
1	chr11	109860827	109860808	-	89.2	47.97
2	chr3	22309188	22309169	+	81.5	60.4
3	chr10	5161770	5161751	-	79.2	55.88
4	chr16	71247702	71247683	+	68.56	43.2
5	chr16	72980067	72980048	-	68.3	56.7
6	chr6	60556001	60555982	+	67.7	40.38
7	chr5	7996919	7996900	-	66.06	59.4
8	chr14	12140114	12140095	-	65.1	51.62
9	chr13	81439574	81439555	+	64.94	46.94
10	chr9	103996726	103996707	-	64.9	51.25
11	chr15	56066340	56066321	+	63.97	42.94
12	chr10	106609250	106609231	+	63.97	42.62
13	chr1	144380222	144380203	-	63.4	48.44
14	chr10	8240468	8240449	-	62.34	45.88
15	chr12	77000269	77000250	+	62.22	54.97
16	chr1	44745882	44745863	+	62.12	40.25
17	chr4	81178889	81178870	+	62.03	50.0
18	chr9	10909768	10909749	+	61.12	47.94
19	chr6	64650119	64650100	-	60.56	60.88
20	chr15	32766485	32766466	-	60.56	46.62
21	chr4	9135983	9135964	+	60.03	34.12
22	chr7	118305013	118304994	+	59.5	47.62
23	chr10	39520570	39520551	-	58.34	40.5
24	chr1	78724658	78724639	+	58.25	47.28
25	chr2	160598038	160598019	+	57.94	55.8
26	chr18	33790258	33790239	-	57.72	56.3
27	chr12	40837750	40837731	+	57.5	46.25
28	chr8	41443763	41443744	+	57.34	56.06
29	chr14	68494314	68494295	-	56.94	24.97
30	chr1	11657910	11657891	+	56.8	43.62
31	chr11	77100337	77100318	+	55.88	49.25
32	chr16	41244935	41244916	-	55.72	48.0
33	chr14	87452291	87452272	-	55.72	63.0
34	chr18	16217050	16217031	+	54.9	26.8
35	chr11	53255133	53255114	-	54.8	39.5
36	chr9	7216447	7216428	+	54.56	27.64
37	chr8	35850598	35850579	-	54.5	50.94
38	chr8	102781131	102781112	-	54.44	41.34
39	chr5	49962010	49961991	-	54.16	50.88
40	chr7	90410162	90410143	-	54.06	39.75
41	chr4	15328717	15328698	+	54.03	40.72
42	chr11	31949616	31949597	-	54.0	41.44
43	chr1	120586671	120586652	+	53.8	57.06
44	chr13	19698921	19698902	+	53.16	40.8
45	chr12	57825950	57825931	+	53.03	34.38
46	chr16	72215933	72215914	-	52.7	45.56
47	chr9	15685402	15685383	+	52.62	45.03
48	chr10	10321327	10321308	-	52.47	23.97
49	chr9	49494135	49494116	+	52.4	51.5
50	chr3	50906169	50906150	-	52.12	57.06
51	chr11	57467973	57467954	-	52.03	54.47
52	chr11	113165316	113165297	-	51.88	57.94
53	chr9	51152608	51152589	-	51.8	48.22
54	chr16	58299658	58299639	+	51.56	30.08
55	chr16	22564783	22564764	+	51.44	49.16
56	chr8	36523135	36523116	-	51.4	44.44
57	chr14	34810941	34810922	+	51.3	52.97
58	chr6	101261740	101261721	-	51.0	49.47
59	chr7	132213694	132213675	-	50.8	38.62
60	chr2	48886271	48886252	-	50.28	44.53
61	chr12	54060974	54060955	-	50.12	27.78
62	chr1	5905019	5905000	-	50.06	44.22
63	chr9	26776375	26776356	-	50.0	53.88
64	chr1	103799519	103799500	+	49.53	56.44
65	chr9	88222188	88222169	-	49.5	40.1
66	chr18	58481884	58481865	-	49.28	39.28
67	chr13	100112788	100112769	+	49.16	37.22
68	chr3	14679394	14679375	+	49.06	29.97
69	chr16	37109459	37109440	+	48.75	19.0
70	chr3	153655318	153655299	-	48.72	48.28
71	chr16	89765698	89765679	-	48.38	54.0
72	chr13	89543228	89543209	-	48.3	56.84
73	chr11	40149509	40149490	-	48.28	36.34
74	chr3	113080940	113080921	-	48.2	53.4
75	chr10	70963797	70963778	-	47.53	51.97
76	chr6	66533480	66533461	-	47.34	41.22
77	chr18	57976815	57976796	+	47.28	41.3
78	chr12	92303388	92303369	+	47.12	48.12
79	chr6	43686140	43686121	+	47.1	34.0
80	chr15	11038687	11038668	+	47.06	40.16
81	chr6	13281064	13281045	-	47.06	44.4
82	chr4	25180081	25180062	-	46.94	22.34
83	chr2	110229883	110229864	+	46.8	37.2
84	chr2	118638293	118638274	+	46.34	48.4
85	chr14	67674858	67674839	-	46.2	40.62
86	chr1	179477262	179477243	-	45.97	54.9
87	chr12	78056191	78056172	+	45.84	48.03
88	chr15	44836402	44836383	+	45.7	45.75
89	chr9	80293262	80293243	+	45.3	48.66
90	chr1	21411405	21411386	+	45.28	35.97
91	chr8	80483379	80483360	-	45.28	32.34
92	chr16	55477026	55477007	-	44.9	60.88
93	chr9	122729759	122729740	-	44.72	40.56
94	chr2	17415581	17415562	-	44.56	38.03
95	chr4	13778049	13778030	-	44.5	20.47
96	chr16	64748455	64748436	-	44.47	52.25
97	chr6	57570627	57570608	-	44.28	34.06
98	chr16	13117421	13117402	+	44.28	48.25
99	chr1	54381475	54381456	-	44.12	34.1
100	chr15	40166896	40166877	+	44.03	40.53
101	chr17	83271696	83271677	+	44.0	39.2
102	chr9	63136063	63136044	+	43.94	32.22
103	chr3	68056550	68056531	+	43.88	35.0
104	chr3	25220822	25220803	-	43.8	23.62
105	chr7	118102455	118102436	-	43.53	59.94
106	chr9	51335485	51335466	+	43.47	26.75
107	chr16	96671807	96671788	-	43.4	27.66
108	chr2	113494904	113494885	+	43.34	43.28
109	chr1	55404561	55404542	+	43.25	39.06
110	chr3	80079969	80079950	+	43.0	35.7
111	chr11	25862989	25862970	-	42.66	37.9
112	chr13	109213188	109213169	-	42.6	60.5
113	chr8	58566283	58566264	+	42.56	33.8
114	chr16	72218227	72218208	+	42.38	47.1
115	chr14	102510640	102510621	-	42.34	35.9
116	chr7	143154010	143153991	+	42.16	43.66
117	chr6	143219585	143219566	+	42.1	41.62
118	chr17	86906334	86906315	-	41.97	47.25
119	chr8	62080400	62080381	+	41.97	30.6
120	chr3	57843985	57843966	+	41.94	43.75
121	chr18	3495634	3495615	+	41.62	36.03
122	chr7	125393847	125393828	-	41.56	47.0
123	chr7	86211564	86211545	-	41.56	46.4
124	chr9	60245127	60245108	+	41.38	43.16
125	chr6	131353859	131353840	-	41.3	15.89
126	chr15	98173991	98173972	-	41.25	24.88
127	chr17	88641249	88641230	-	41.12	34.25
128	chr9	87027908	87027889	+	41.1	38.34
129	chr4	70621553	70621534	-	40.97	48.38
130	chr12	41487236	41487217	-	40.88	35.94
131	chr4	127368548	127368529	+	40.8	49.72
132	chr8	50293750	50293731	-	40.75	48.2
133	chr16	27468981	27468962	+	40.75	34.62
134	chr7	121641354	121641335	-	40.7	30.69
135	chr3	29726795	29726776	-	40.7	30.42
136	chr14	29110872	29110853	-	40.66	51.22
137	chr13	116712427	116712408	-	40.62	33.1
138	chr18	19939562	19939543	-	40.47	45.7
139	chr15	80704533	80704514	-	40.28	46.53
140	chr18	50137074	50137055	+	40.28	37.62
141	chr13	15763212	15763193	-	40.25	29.53
142	chr19	50185486	50185467	+	40.22	44.2
143	chr12	74013965	74013946	-	40.22	40.8
144	chr1	138835543	138835524	+	40.06	20.81
145	chr15	55550924	55550905	-	40.06	37.12
146	chr1	61771439	61771420	-	40.06	23.55
147	chr12	34664961	34664942	+	40.0	19.7
148	chr14	78288101	78288082	-	39.8	38.8
149	chr2	4499416	4499397	+	39.78	33.88
150	chr13	30260132	30260113	-	39.75	32.75
151	chr9	68015271	68015252	+	39.2	39.0
152	chr1	126993502	126993483	-	39.06	47.2
153	chr16	25349824	25349805	-	39.0	41.2
154	chr1	14729249	14729230	-	38.94	39.3
155	chr15	59389427	59389408	+	38.7	46.34
156	chr6	100882590	100882571	+	38.66	49.44
157	chr3	9711121	9711102	+	38.62	35.47
158	chr6	21214019	21214000	-	38.47	24.2
159	chr17	42603617	42603598	-	38.47	42.5
160	chr4	80517548	80517529	-	38.47	41.4
161	chr9	85328584	85328565	-	38.28	30.06
162	chr17	44262001	44261982	+	38.22	44.16
163	chr10	102449665	102449646	+	38.2	48.84
164	chr17	14520745	14520726	-	38.12	30.45
165	chr13	51830925	51830906	+	38.0	56.0
166	chr12	83502436	83502417	-	37.97	34.4
167	chr5	75853265	75853246	-	37.94	27.88
168	chr13	110382742	110382723	+	37.88	61.84
169	chr5	62481159	62481140	-	37.8	35.4
170	chr7	49121503	49121484	-	37.7	29.61
171	chr15	11966575	11966556	-	37.66	34.72
172	chr3	31146135	31146116	+	37.53	44.5
173	chr2	37815879	37815860	+	37.47	39.2
174	chr5	33033442	33033423	-	37.44	48.28
175	chr9	7595466	7595447	-	37.4	28.72
176	chr5	21641153	21641134	-	37.3	33.66
177	chr14	48367302	48367283	-	37.12	39.88
178	chr17	14524624	14524605	+	37.1	38.88
179	chr4	84064835	84064816	+	37.06	23.38
180	chr4	63368786	63368767	+	37.06	51.6
181	chr5	102149680	102149661	+	37.03	38.97
182	chr12	32897684	32897665	-	36.88	40.9
183	chr16	91936532	91936513	+	36.72	43.06
184	chr6	37046379	37046360	-	36.72	47.7
185	chr18	59081896	59081877	+	36.7	37.34
186	chr6	103697552	103697533	-	36.3	43.6
187	chr18	19937930	19937911	+	36.3	37.56
188	chr6	93757594	93757575	+	36.28	18.31
189	chr17	9756371	9756352	+	36.28	21.2
190	chr2	96585854	96585835	+	36.25	26.84
191	chr11	82915176	82915157	+	36.2	36.34
192	chr6	6005837	6005818	+	36.03	35.2
193	chr1	98392238	98392219	-	36.03	38.97
194	chr7	48749384	48749365	+	35.94	38.3
195	chr11	105911812	105911793	-	35.9	37.8
196	chr10	45045486	45045467	-	35.8	35.22
197	chr2	4492748	4492729	-	35.75	19.97
198	chr6	18087397	18087378	+	35.75	40.84
199	chr5	90203341	90203322	+	35.7	41.12
200	chr7	136489148	136489129	+	35.62	28.06
201	chr9	109862620	109862601	-	35.6	34.12
202	chr15	59876355	59876336	+	35.3	32.16
203	chr14	76473612	76473593	-	35.25	45.66
204	chr3	128349320	128349301	+	35.03	41.75
205	chr3	45375963	45375944	+	35.03	23.92
206	chr3	133314669	133314650	+	34.97	39.0
207	chr1	96801850	96801831	-	34.84	30.55
208	chr7	115216958	115216939	+	34.62	30.45
209	chr9	59282577	59282558	-	34.62	26.88
210	chr2	148112135	148112116	-	34.5	31.5
211	chr18	52457916	52457897	-	34.47	28.2
212	chr6	56691454	56691435	-	34.34	42.2
213	chr13	20292580	20292561	-	34.3	38.5
214	chr13	57260119	57260100	-	34.25	52.66
215	chr13	113877615	113877596	+	34.25	36.75
216	chr13	116715029	116715010	-	34.1	31.72
217	chr4	83596692	83596673	-	34.1	52.75
218	chr8	64941619	64941600	-	34.06	33.75
219	chr3	51701488	51701469	+	34.03	22.56
220	chr14	120061322	120061303	-	33.84	29.2
221	chr7	75910166	75910147	+	33.8	57.6
222	chr4	98702698	98702679	-	33.78	31.62
223	chr3	146185137	146185118	+	33.62	52.6
224	chr4	151157152	151157133	+	33.53	59.38
225	chr5	43391861	43391842	-	33.5	21.5
226	chr11	93856511	93856492	-	33.47	26.19
227	chr14	59605843	59605824	+	33.47	40.3
228	chr14	84438580	84438561	+	33.44	23.31
229	chr12	50943824	50943805	-	33.28	38.56
230	chr7	83550335	83550316	-	33.2	30.12
231	chr6	117167008	117166989	+	33.03	30.3
232	chr4	12538791	12538772	+	33.0	21.84
233	chr18	47353079	47353060	+	32.84	24.58
234	chr5	12541496	12541477	-	32.72	22.56
235	chr2	60721127	60721108	+	32.72	22.53
236	chr11	78838251	78838232	+	32.72	51.5
237	chr8	73356225	73356206	+	32.62	23.39
238	chr12	10598567	10598548	+	32.5	41.56
239	chr19	20345158	20345139	-	32.25	47.94
240	chr17	58909486	58909467	-	32.16	39.4
241	chr10	69655037	69655018	-	32.12	36.56
242	chr4	3967733	3967714	-	32.12	41.75
243	chr16	21192795	21192776	-	32.06	38.78
244	chr11	12291593	12291574	-	32.0	15.54
245	chr11	117385082	117385063	+	31.83	36.6
246	chr12	32292095	32292076	+	31.73	20.83
247	chr4	64833096	64833077	+	31.69	34.34
248	chr13	47301245	47301226	+	31.67	43.9
249	chr1	89631957	89631938	-	31.56	45.38
250	chr9	69296601	69296582	-	31.53	38.66
251	chr3	53735364	53735345	+	31.28	24.5
252	chr10	45373471	45373452	-	31.2	37.7
253	chr8	91797725	91797706	+	31.19	30.23
254	chr4	88035662	88035643	+	31.06	19.66
255	chr2	75151187	75151168	-	31.05	37.9
256	chr14	66791971	66791952	-	31.02	32.1
257	chr2	93199062	93199043	-	30.9	51.25
258	chr2	73551006	73550987	+	30.86	53.72
259	chr12	89451144	89451125	-	30.81	40.1
260	chr16	66086729	66086710	-	30.81	33.7
261	chr14	114791647	114791628	-	30.72	37.2
262	chr4	43420547	43420528	-	30.61	34.5
263	chr1	87447687	87447668	+	30.56	32.53
264	chr15	55306471	55306452	+	30.56	24.06
265	chr15	97667578	97667559	+	30.52	37.12
266	chr2	16359548	16359529	+	30.47	16.92
267	chr14	8356099	8356080	+	30.42	51.06
268	chr3	19894816	19894797	-	30.38	33.66
269	chr12	43813750	43813731	-	30.34	24.06
270	chr2	27770378	27770359	+	30.12	46.8
271	chr16	48675836	48675817	-	30.12	28.97
272	chr10	13016733	13016714	+	30.1	53.44
273	chr2	76367359	76367340	+	30.05	30.6
274	chr2	115515230	115515211	+	30.05	12.29
275	chr19	16785108	16785089	-	30.03	27.4
276	chr3	78948444	78948425	+	30.03	29.16
277	chr1	37250876	37250857	-	29.94	25.45
278	chr18	74431409	74431390	+	29.94	28.48
279	chr1	38787652	38787633	-	29.89	46.22
280	chr3	14874584	14874565	+	29.88	22.88
281	chr9	69505778	69505759	+	29.88	30.58
282	chr10	84450913	84450894	-	29.77	31.7
283	chr2	172216047	172216028	-	29.77	65.06
284	chr10	97712895	97712876	+	29.72	22.83
285	chr1	4770074	4770055	+	29.72	39.66
286	chr12	50301580	50301561	-	29.69	16.55
287	chr15	85266923	85266904	+	29.69	42.06
288	chr4	85403030	85403011	+	29.62	27.23
289	chr6	97526370	97526351	-	29.53	31.17
290	chr8	112046096	112046077	+	29.5	62.6
291	chr12	96311368	96311349	-	29.48	23.8
292	chr1	93507239	93507220	-	29.45	32.5
293	chr13	21714927	21714908	+	29.4	37.72
294	chr6	49008180	49008161	+	29.38	27.1
295	chr17	17749545	17749526	-	29.36	32.88
296	chr6	145360253	145360234	+	29.34	33.62
297	chr7	17066630	17066611	-	29.27	41.75
298	chr12	81788850	81788831	-	29.25	32.47
299	chr7	129649172	129649153	+	29.19	42.88
300	chr14	104039053	104039034	+	29.17	41.16
301	chr13	41634744	41634725	-	29.08	40.84
302	chr7	138835232	138835213	-	29.02	47.88
303	chr15	97195797	97195778	+	28.92	38.5
304	chr1	119087737	119087718	+	28.89	50.28
305	chr4	85819373	85819354	-	28.86	29.28
306	chr11	30657307	30657288	-	28.86	6.477
307	chr5	49369245	49369226	+	28.66	27.94
308	chr6	106805067	106805048	+	28.61	20.38
309	chr6	31660958	31660939	+	28.53	52.9
310	chr12	8306749	8306730	-	28.48	47.94
311	chr13	42822785	42822766	-	28.47	44.4
312	chr15	34968778	34968759	+	28.4	27.94
313	chr7	68369859	68369840	+	28.38	58.97
314	chr15	80266443	80266424	+	28.33	34.62
315	chr6	102171110	102171091	+	28.19	24.06
316	chr16	72605273	72605254	-	28.11	17.7
317	chr18	65490506	65490487	+	28.06	33.94
318	chr3	55373775	55373756	+	28.0	19.75
319	chr1	53927814	53927795	-	27.97	28.48
320	chr2	160368066	160368047	-	27.95	21.97
321	chr10	42295232	42295213	-	27.94	37.8
322	chr7	116040411	116040392	-	27.9	26.19
323	chr10	116197535	116197516	-	27.81	28.58
324	chr5	20773533	20773514	-	27.81	20.77
325	chr12	80725012	80724993	-	27.73	38.97
326	chr15	66899881	66899862	-	27.6	21.5
327	chr18	16822208	16822189	-	27.56	13.28
328	chr18	14503254	14503235	-	27.55	19.48
329	chr5	98344786	98344767	+	27.44	28.3
330	chr10	77517236	77517217	+	27.39	30.44
331	chr1	44741472	44741453	-	27.38	6.344
332	chr6	127945983	127945964	-	27.28	24.97
333	chr16	42914955	42914936	-	27.27	20.78
334	chr18	39137558	39137539	+	27.11	15.805
335	chr13	42575907	42575888	+	27.11	22.34
336	chr2	13278209	13278190	+	27.06	48.53
337	chr18	43836585	43836566	-	27.06	22.66
338	chr4	114647896	114647877	+	27.05	26.58
339	chr16	44149214	44149195	-	27.03	37.28
340	chr13	109776299	109776280	+	27.02	27.47
341	chr19	30217515	30217496	+	27.0	44.25
342	chr6	61316075	61316056	+	26.94	38.16
343	chr17	78598832	78598813	+	26.92	37.16
344	chr2	117231457	117231438	-	26.88	23.62
345	chr4	115101816	115101797	+	26.84	34.88
346	chr10	57448131	57448112	-	26.8	44.97
347	chr13	113046665	113046646	+	26.77	22.72
348	chr4	110022447	110022428	-	26.58	43.47
349	chr7	101653829	101653810	+	26.5	47.97
350	chr5	67756338	67756319	+	26.5	26.55
351	chr3	62192717	62192698	-	26.5	17.1
352	chr10	17728146	17728127	-	26.45	14.96
353	chr5	37752557	37752538	-	26.33	30.73
354	chr1	60961316	60961297	-	26.3	26.22
355	chr17	68176981	68176962	+	26.27	18.84
356	chr7	37357871	37357852	-	26.2	67.6
357	chr4	32572316	32572297	-	26.16	44.75
358	chr4	96696741	96696722	+	26.12	32.22
359	chr4	109729491	109729472	-	26.06	50.3
360	chr10	111977780	111977761	+	25.78	32.1
361	chr5	45424489	45424470	-	25.73	30.9
362	chr2	61494577	61494558	-	25.72	22.25
363	chr6	13287046	13287027	+	25.69	21.62
364	chr9	116060829	116060810	+	25.66	36.5
365	chr8	17537753	17537734	-	25.64	36.44
366	chr9	77781636	77781617	-	25.62	27.94
367	chr15	5106460	5106441	-	25.56	29.45
368	chr17	93141334	93141315	-	25.53	33.03
369	chr6	97759520	97759501	+	25.52	17.88
370	chr8	119384750	119384731	-	25.47	45.94
371	chr6	88113322	88113303	+	25.38	41.75
372	chr15	101984527	101984508	-	25.38	56.7
373	chr8	54493335	54493316	-	25.34	39.7
374	chr9	24119622	24119603	+	25.33	14.83
375	chr3	50077169	50077150	-	25.31	24.22
376	chr4	47419767	47419748	+	25.23	44.03
377	chr2	76115910	76115891	+	25.22	28.97
378	chr15	67174759	67174740	+	25.2	12.74
379	chr8	125574509	125574490	+	25.17	12.85
380	chr1	161737065	161737046	-	25.11	39.75
381	chr3	85571455	85571436	-	25.1	9.7
382	chr18	19577078	19577059	-	25.02	27.28
383	chr19	36083087	36083068	-	25.0	29.4
384	chr8	115709616	115709597	-	24.98	9.14
385	chr10	126330794	126330775	-	24.84	24.02
386	chr15	25993551	25993532	+	24.81	33.28
387	chr5	131430355	131430336	-	24.78	45.44
388	chr1	9545352	9545333	-	24.78	38.06
389	chr19	28768445	28768426	-	24.75	36.44
390	chr10	24630876	24630857	+	24.72	22.94
391	chr17	54351102	54351083	+	24.53	15.79
392	chr16	20496806	20496787	+	24.47	28.86
393	chr12	109394024	109394005	-	24.44	15.02
394	chr13	21803288	21803269	-	24.42	40.1
395	chr3	103392995	103392976	+	24.38	33.9
396	chr15	25428758	25428739	+	24.31	24.08
397	chr3	135206860	135206841	-	24.3	9.21
398	chr8	65139261	65139242	+	24.3	33.56
399	chr9	29650850	29650831	-	24.23	35.72
400	chr3	127971093	127971074	+	24.2	46.1
401	chr2	104035038	104035019	+	24.16	33.7
402	chr9	81635302	81635283	+	24.11	12.08
403	chr6	95484597	95484578	+	24.03	13.41
404	chr14	72293991	72293972	-	23.83	34.2
405	chr18	65490035	65490016	-	23.72	29.94
406	chr12	38123788	38123769	-	23.66	16.0
407	chr18	70184838	70184819	-	23.66	11.39
408	chr3	152095252	152095233	-	23.53	23.67
409	chr8	32002994	32002975	-	23.5	23.94
410	chr11	22206830	22206811	-	23.48	11.1
411	chr5	76541051	76541032	-	23.44	19.22
412	chr10	52106337	52106318	+	23.38	22.61
413	chr1	84697462	84697443	-	23.38	25.22
414	chr1	67181385	67181366	+	23.34	35.0
415	chr6	101267027	101267008	+	23.31	12.77
416	chr6	129255175	129255156	-	23.25	41.8
417	chr4	115710017	115709998	-	23.19	25.83
418	chr2	118241614	118241595	-	23.19	37.16
419	chr8	71371784	71371765	+	23.11	28.11
420	chr7	73422670	73422651	-	23.11	37.7
421	chr5	33039602	33039583	+	23.05	27.48
422	chr2	153143004	153142985	-	23.02	20.31
423	chr14	98181824	98181805	-	23.0	7.93
424	chr2	136887058	136887039	-	22.97	12.49
425	chr1	135136701	135136682	-	22.88	42.44
426	chr5	4948481	4948462	-	22.86	27.0
427	chr10	71422814	71422795	+	22.81	51.25
428	chr8	64597251	64597232	-	22.66	30.06
429	chr1	162336834	162336815	-	22.45	14.914
430	chr9	94738996	94738977	+	22.42	42.94
431	chr17	53403136	53403117	+	22.4	18.28
432	chr2	155811920	155811901	-	22.36	51.28
433	chr12	52010769	52010750	+	22.33	16.6
434	chr3	44912870	44912851	-	22.31	11.58
435	chr5	98348848	98348829	+	22.25	34.97
436	chr15	80706301	80706282	+	22.25	25.52
437	chr1	167932285	167932266	-	22.22	36.66
438	chr14	121455709	121455690	-	22.2	25.7
439	chr4	98243714	98243695	-	22.16	26.34
440	chr4	143027468	143027449	+	22.14	29.11
441	chr2	153668926	153668907	+	22.14	25.36
442	chr9	41461929	41461910	-	22.14	12.42
443	chr4	109431143	109431124	-	22.1	22.34
444	chr5	44831505	44831486	-	22.08	22.05
445	chr8	119676601	119676582	-	22.03	33.06
446	chr17	40824060	40824041	-	22.02	34.28
447	chr15	37102366	37102347	-	22.0	13.84
448	chr1	119083862	119083843	-	21.92	45.47
449	chr5	41044703	41044684	-	21.78	28.61
450	chr19	24622032	24622013	+	21.77	22.19
451	chr3	58159626	58159607	-	21.75	32.1
452	chr1	38130140	38130121	-	21.75	23.66
453	chr2	129472129	129472110	-	21.73	30.17
454	chr9	15682043	15682024	-	21.73	11.22
455	chr9	69502720	69502701	-	21.7	34.7
456	chr14	21120676	21120657	+	21.69	43.16
457	chr7	110645588	110645569	-	21.69	43.56
458	chr16	78950579	78950560	-	21.64	3.295
459	chr7	131899517	131899498	+	21.56	16.44
460	chr8	106403484	106403465	-	21.53	20.23
461	chr17	73303429	73303410	+	21.48	50.6
462	chr1	83727325	83727306	+	21.48	26.81
463	chr13	29857603	29857584	+	21.42	9.836
464	chr14	104033786	104033767	+	21.34	21.16
465	chr7	119011391	119011372	+	21.31	35.56
466	chr1	69165377	69165358	+	21.31	25.0
467	chr1	192727176	192727157	+	21.28	21.9
468	chr9	50438293	50438274	-	21.2	27.17
469	chr15	46990407	46990388	-	21.14	10.516
470	chr13	73646874	73646855	+	21.14	37.5
471	chr16	67089956	67089937	+	21.12	15.94
472	chr2	83332995	83332976	-	21.02	18.14
473	chr8	10415030	10415011	+	21.0	37.3
474	chr1	35716149	35716130	-	20.89	18.69
475	chr7	43920039	43920020	-	20.83	34.3
476	chr8	15138726	15138707	+	20.81	41.03
477	chr13	6515705	6515686	+	20.8	28.08
478	chr2	64948996	64948977	-	20.72	23.2
479	chr19	20345737	20345718	+	20.7	55.44
480	chr5	33994851	33994832	+	20.64	14.97
481	chr14	76479953	76479934	+	20.62	37.16
482	chr3	144737048	144737029	+	20.58	28.33
483	chr2	13597223	13597204	-	20.5	12.72
484	chr9	118908437	118908418	-	20.5	27.45
485	chr4	153484615	153484596	-	20.39	17.89
486	chr19	12433211	12433192	+	20.36	28.34
487	chr15	31611224	31611205	+	20.34	11.17
488	chr3	107206198	107206179	+	20.34	39.22
489	chr17	86909946	86909927	+	20.31	22.38
490	chr7	89473669	89473650	-	20.22	24.19
491	chr6	35252603	35252584	+	20.22	32.56
492	chr6	126168001	126167982	-	20.17	8.76
493	chr16	42169942	42169923	+	20.12	43.34
494	chr6	90607354	90607335	+	20.11	24.86
495	chr6	31664664	31664645	+	20.11	41.5
496	chr13	100002039	100002020	+	20.02	21.73
497	chr6	97523337	97523318	-	19.97	25.72
498	chr4	123529452	123529433	-	19.95	17.69
499	chr18	53744741	53744722	-	19.94	29.1
500	chr9	13849232	13849213	+	19.9	15.484
501	chr15	14052128	14052109	-	19.89	12.375
502	chr3	68053761	68053742	-	19.88	27.33
503	chr14	50799990	50799971	+	19.83	30.28
504	chr8	50292348	50292329	+	19.83	31.36
505	chr19	52993242	52993223	-	19.81	45.25
506	chr8	24546435	24546416	-	19.8	56.1
507	chr2	166085186	166085167	+	19.78	40.2
508	chr15	80260893	80260874	-	19.75	33.7
509	chr18	75606699	75606680	+	19.72	50.94
510	chr2	135957961	135957942	-	19.69	27.1
511	chr11	75179118	75179099	+	19.67	22.83
512	chr6	77628987	77628968	+	19.66	40.56
513	chr4	82614384	82614365	-	19.62	15.836
514	chr17	27190013	27189994	+	19.5	26.89
515	chr14	121451301	121451282	-	19.45	26.11
516	chr9	69987821	69987802	-	19.44	12.234
517	chr6	40479902	40479883	+	19.42	24.72
518	chr4	82619779	82619760	-	19.42	11.22
519	chr2	160593235	160593216	-	19.4	45.8
520	chr4	48691990	48691971	+	19.4	34.88
521	chr1	11140123	11140104	-	19.39	7.324
522	chr6	67858160	67858141	+	19.36	18.55
523	chr1	91914028	91914009	+	19.36	22.06
524	chr15	76196896	76196877	+	19.33	35.8
525	chr11	43767011	43766992	+	19.27	27.44
526	chr17	8463677	8463658	+	19.23	31.38
527	chr2	60442102	60442083	-	19.22	10.555
528	chr10	8242562	8242543	+	19.2	18.4
529	chr15	8382407	8382388	+	19.16	11.64
530	chr19	11360302	11360283	+	19.14	15.06
531	chr12	79305335	79305316	+	19.11	29.94
532	chr13	38992697	38992678	+	19.03	12.445
533	chr8	91147955	91147936	-	19.0	26.05
534	chr13	64443476	64443457	+	19.0	35.6
535	chr8	117898214	117898195	+	18.92	34.16
536	chr11	42423473	42423454	-	18.77	18.48
537	chr9	114957195	114957176	-	18.77	27.38
538	chr5	149647926	149647907	+	18.72	23.06
539	chr5	128440068	128440049	-	18.69	40.7
540	chr6	90606762	90606743	-	18.67	32.6
541	chr10	58560031	58560012	+	18.67	23.25
542	chr18	25538443	25538424	+	18.66	23.94
543	chr11	22987510	22987491	+	18.56	23.83
544	chr13	57269837	57269818	-	18.55	36.6
545	chr13	53096854	53096835	-	18.55	32.88
546	chr7	124783020	124783001	-	18.55	23.44
547	chr7	40687242	40687223	-	18.52	26.28
548	chr4	109438113	109438094	+	18.45	31.61
549	chr13	46663777	46663758	-	18.45	5.215
550	chr2	21927862	21927843	-	18.45	17.72
551	chr11	72564476	72564457	-	18.39	17.95
552	chr14	57362951	57362932	-	18.3	10.125
553	chr13	54063511	54063492	-	18.3	12.516
554	chr8	127191530	127191511	+	18.27	39.03
555	chr4	24249781	24249762	+	18.25	8.38
556	chr1	175603551	175603532	-	18.2	12.0
557	chr7	131897479	131897460	+	18.19	16.34
558	chr2	125259455	125259436	-	18.17	32.72
559	chr8	11943262	11943243	-	18.0	20.05
560	chr13	74861814	74861795	+	17.98	11.664
561	chr3	37302880	37302861	-	17.98	17.84
562	chr2	165391753	165391734	+	17.95	20.97
563	chr1	167669968	167669949	-	17.94	39.3
564	chr14	24311319	24311300	+	17.89	24.48
565	chr6	125622660	125622641	+	17.86	24.67
566	chr16	91694897	91694878	+	17.83	21.03
567	chr7	100886752	100886733	-	17.8	33.3
568	chr2	165779092	165779073	+	17.7	43.9
569	chr4	118988734	118988715	-	17.7	12.37
570	chr9	111939788	111939769	+	17.64	16.92
571	chr9	40806571	40806552	+	17.64	39.78
572	chr19	21571392	21571373	+	17.64	11.9
573	chr10	49785057	49785038	-	17.56	2.498
574	chr3	84922220	84922201	+	17.47	28.94
575	chr12	7991018	7990999	+	17.47	17.66
576	chr8	106687694	106687675	+	17.45	42.0
577	chr19	15998346	15998327	+	17.33	27.56
578	chr10	30838389	30838370	+	17.3	7.543
579	chr2	6469364	6469345	-	17.28	15.65
580	chr9	59678540	59678521	-	17.28	29.06
581	chr18	60143536	60143517	-	17.25	6.348
582	chr2	76114972	76114953	-	17.25	26.88
583	chr1	192722361	192722342	-	17.23	36.0
584	chr13	6737153	6737134	+	17.23	24.25
585	chr10	116199232	116199213	+	17.23	24.89
586	chr18	6627309	6627290	+	17.06	30.4
587	chr7	117375969	117375950	-	17.03	13.42
588	chr11	7200225	7200206	+	17.03	39.34
589	chr3	152474817	152474798	+	16.98	9.51
590	chr12	4107565	4107546	+	16.97	22.11
591	chr18	78212287	78212268	-	16.83	18.31
592	chr2	17842170	17842151	-	16.81	6.844
593	chr5	112429191	112429172	-	16.78	14.19
594	chr9	54169687	54169668	+	16.73	16.64
595	chr9	78597063	78597044	+	16.73	17.98
596	chr2	125556029	125556010	+	16.69	19.19
597	chr4	86545837	86545818	-	16.69	26.34
598	chr11	34229190	34229171	+	16.55	19.56
599	chr13	60479163	60479144	+	16.52	1.697
600	chr11	57788119	57788100	+	16.36	29.88
601	chr5	117504639	117504620	+	16.36	53.34
602	chr1	128368923	128368904	+	16.28	14.01
603	chr14	51098507	51098488	-	16.28	41.22
604	chr10	14404268	14404249	+	16.23	20.66
605	chr18	65752297	65752278	-	16.1	16.11
606	chr3	59077498	59077479	+	16.1	40.72
607	chr1	119919473	119919454	+	16.06	20.62
608	chr1	86598699	86598680	+	16.03	48.72
609	chr1	80178208	80178189	-	16.0	17.12
610	chr15	64132164	64132145	+	15.96	15.336
611	chr2	4652218	4652199	-	15.91	22.83
612	chr9	40805489	40805470	-	15.86	35.53
613	chr13	30549079	30549060	-	15.805	25.34
614	chr3	82350530	82350511	-	15.805	7.78
615	chr7	81155234	81155215	-	15.805	19.0
616	chr4	107701325	107701306	-	15.8	18.55
617	chr11	76655250	76655231	+	15.8	25.19
618	chr7	122945377	122945358	+	15.72	20.64
619	chr16	32697312	32697293	+	15.695	24.02
620	chr13	114460825	114460806	-	15.65	8.25
621	chr19	59389409	59389390	+	15.65	31.4
622	chr7	45451495	45451476	+	15.64	35.4
623	chr15	85599066	85599047	+	15.625	30.86
624	chr10	9012998	9012979	+	15.6	21.77
625	chr13	24318872	24318853	-	15.58	11.58
626	chr3	123506917	123506898	-	15.53	17.17
627	chr13	101719731	101719712	-	15.48	25.34
628	chr12	12412898	12412879	-	15.43	30.47
629	chr10	127342496	127342477	-	15.4	29.73
630	chr7	28972871	28972852	+	15.39	21.2
631	chr5	130862481	130862462	+	15.33	29.22
632	chr13	53779354	53779335	+	15.31	23.8
633	chr11	51582940	51582921	-	15.305	26.1
634	chr3	34150257	34150238	+	15.3	17.19
635	chr9	30423156	30423137	-	15.29	30.31
636	chr1	55886585	55886566	+	15.29	16.73
637	chr8	121104251	121104232	+	15.28	31.56
638	chr2	31683894	31683875	+	15.27	30.73
639	chr9	121458682	121458663	+	15.27	42.72
640	chr13	111421545	111421526	+	15.22	27.25
641	chr18	56572965	56572946	+	15.22	32.7
642	chr18	42593315	42593296	+	15.2	8.75
643	chr8	118287683	118287664	+	15.2	7.145
644	chr14	47742843	47742824	+	15.18	9.65
645	chr1	184791312	184791293	-	15.164	27.39
646	chr6	106800166	106800147	-	15.1	18.75
647	chr11	12025880	12025861	+	15.06	18.02
648	chr5	129594341	129594322	-	15.03	29.4
649	chr13	16005724	16005705	+	15.016	13.71
650	chr14	65597230	65597211	+	15.016	14.01
651	chr5	99900280	99900261	-	14.95	10.75
652	chr8	11421350	11421331	-	14.945	26.12
653	chr19	4755748	4755729	+	14.93	24.55
654	chr10	110733540	110733521	-	14.914	16.5
655	chr5	67752088	67752069	+	14.89	18.31
656	chr9	77381774	77381755	-	14.85	26.45
657	chr18	81951830	81951811	-	14.76	34.06
658	chr1	86059644	86059625	+	14.734	30.22
659	chr1	52630636	52630617	-	14.734	9.89
660	chr2	174308107	174308088	+	14.69	14.67
661	chr11	99364649	99364630	-	14.6	16.03
662	chr13	109558424	109558405	+	14.49	16.98
663	chr12	58201405	58201386	-	14.48	6.883
664	chr7	137471937	137471918	+	14.445	28.83
665	chr17	26916803	26916784	+	14.414	25.05
666	chr5	87871626	87871607	-	14.414	20.39
667	chr2	125252443	125252424	+	14.414	25.9
668	chr1	9549185	9549166	+	14.414	19.5
669	chr11	11788608	11788589	-	14.38	31.97
670	chr7	43928727	43928708	+	14.36	11.45
671	chr10	60760656	60760637	-	14.31	36.9
672	chr6	17362958	17362939	+	14.31	3.076
673	chr1	136521528	136521509	-	14.305	21.69
674	chr2	153147934	153147915	+	14.28	18.94
675	chr8	61522313	61522294	+	14.266	28.28
676	chr18	56759303	56759284	+	14.266	12.61
677	chr14	115451146	115451127	-	14.234	4.215
678	chr1	176218428	176218409	+	14.195	14.99
679	chr15	97665520	97665501	-	14.18	30.02
680	chr13	20299620	20299601	+	14.18	33.25
681	chr9	59969601	59969582	-	14.14	17.69
682	chr16	57611975	57611956	+	14.055	18.66
683	chr12	15816144	15816125	+	13.984	8.52
684	chr15	82271381	82271362	-	13.95	28.55
685	chr7	74363644	74363625	-	13.95	40.8
686	chr3	73066293	73066274	+	13.95	16.86
687	chr1	118772515	118772496	-	13.945	30.34
688	chr4	110020493	110020474	-	13.94	26.28
689	chr3	34639420	34639401	-	13.94	14.87
690	chr2	131530224	131530205	-	13.92	25.86
691	chr4	20024128	20024109	+	13.91	12.516
692	chr8	74980870	74980851	-	13.81	30.2
693	chr18	75757719	75757700	+	13.734	18.78
694	chr7	89908147	89908128	-	13.72	13.79
695	chr4	150257406	150257387	+	13.72	23.58
696	chr2	55022781	55022762	-	13.664	7.77
697	chr18	64506771	64506752	-	13.63	18.4
698	chr14	123353156	123353137	-	13.61	11.6
699	chr4	139872794	139872775	+	13.59	35.75
700	chr13	51839869	51839850	+	13.586	21.19
701	chr5	146162789	146162770	+	13.516	23.42
702	chr9	83785201	83785182	+	13.49	14.66
703	chr3	59079480	59079461	+	13.44	28.77
704	chr10	11345312	11345293	-	13.375	5.086
705	chr11	46252188	46252169	-	13.34	28.12
706	chr4	85404971	85404952	+	13.32	14.11
707	chr4	130738774	130738755	+	13.31	16.47
708	chr5	86432914	86432895	+	13.305	16.02
709	chr3	22306829	22306810	+	13.266	18.6
710	chr2	91930225	91930206	-	13.25	19.55
711	chr6	108417714	108417695	+	13.234	10.66
712	chr12	17011790	17011771	-	13.16	20.73
713	chr5	87551137	87551118	-	13.15	21.52
714	chr4	106227683	106227664	-	13.14	14.38
715	chr4	139877472	139877453	+	13.1	27.4
716	chr1	88742593	88742574	-	13.086	17.75
717	chr3	52254088	52254069	+	13.02	34.16
718	chr9	73159469	73159450	+	12.99	27.5
719	chr7	29297253	29297234	-	12.984	28.8
720	chr13	116312336	116312317	-	12.93	10.21
721	chr2	157117146	157117127	-	12.91	21.92
722	chr9	60243712	60243693	+	12.89	13.59
723	chr1	179845066	179845047	-	12.88	17.89
724	chr11	103332754	103332735	+	12.875	24.97
725	chr1	53032774	53032755	-	12.87	13.05
726	chr8	45345197	45345178	+	12.81	16.72
727	chr12	113216133	113216114	+	12.74	53.7
728	chr15	36152194	36152175	-	12.72	16.9
729	chr1	72876274	72876255	+	12.69	17.11
730	chr9	14774009	14773990	+	12.664	9.0
731	chr12	74317197	74317178	-	12.664	11.76
732	chr7	107819649	107819630	-	12.64	16.3
733	chr13	55327907	55327888	+	12.64	17.61
734	chr3	54796015	54795996	+	12.63	22.77
735	chr6	60963937	60963918	+	12.61	7.094
736	chr8	21981891	21981872	-	12.61	17.33
737	chr10	38269349	38269330	-	12.52	19.28
738	chr6	51170619	51170600	-	12.5	20.02
739	chr2	148110356	148110337	-	12.43	16.03
740	chr1	88301823	88301804	-	12.42	19.61
741	chr6	115037959	115037940	-	12.33	15.375
742	chr16	11980974	11980955	+	12.33	3.668
743	chr15	44832771	44832752	-	12.31	24.2
744	chr19	26193888	26193869	-	12.29	7.65
745	chr17	8988263	8988244	-	12.29	10.71
746	chr14	66358860	66358841	+	12.28	18.22
747	chr12	40832432	40832413	-	12.26	13.56
748	chr2	53206958	53206939	-	12.18	12.55
749	chr16	42914617	42914598	+	12.16	7.133
750	chr11	111523686	111523667	-	12.14	23.53
751	chr6	121556678	121556659	+	12.11	18.8
752	chr7	43926199	43926180	-	12.1	21.69
753	chr3	3311028	3311009	+	12.09	10.74
754	chr12	17018680	17018661	+	12.04	21.19
755	chr18	33794794	33794775	+	11.97	24.89
756	chr15	73791915	73791896	+	11.96	24.61
757	chr12	82489256	82489237	+	11.945	11.805
758	chr19	37559803	37559784	+	11.91	21.4
759	chr12	36195155	36195136	-	11.91	7.07
760	chr3	30515246	30515227	-	11.875	11.664
761	chr19	27426681	27426662	-	11.81	11.945
762	chr2	75590427	75590408	-	11.75	21.66
763	chr2	17849498	17849479	+	11.75	6.633
764	chr9	83371155	83371136	-	11.75	6.18
765	chr9	30936846	30936827	-	11.734	17.67
766	chr15	94690037	94690018	+	11.73	23.03
767	chr2	147379133	147379114	+	11.69	9.875
768	chr4	121232314	121232295	-	11.664	7.945
769	chr18	56333219	56333200	-	11.64	4.934
770	chr16	25952209	25952190	-	11.64	6.688
771	chr13	94976326	94976307	+	11.63	16.62
772	chr2	30942898	30942879	-	11.57	22.28
773	chr6	104479441	104479422	+	11.55	10.57
774	chr5	113080039	113080020	-	11.52	26.94
775	chr16	30550607	30550588	-	11.52	17.62
776	chr1	160194976	160194957	+	11.51	18.28
777	chr11	56116782	56116763	-	11.48	30.47
778	chr6	112484521	112484502	-	11.48	12.14
779	chr14	21853546	21853527	-	11.445	30.66
780	chr9	58534993	58534974	+	11.414	20.97
781	chr17	73302318	73302299	+	11.414	39.62
782	chr1	85842459	85842440	-	11.41	14.02
783	chr17	16926410	16926391	-	11.35	2.584
784	chr12	29894861	29894842	+	11.31	16.72
785	chr2	127832989	127832970	+	11.22	7.293
786	chr16	20724653	20724634	+	11.18	15.11
787	chr1	180811112	180811093	-	11.164	28.33
788	chr13	109210611	109210592	-	11.16	17.5
789	chr18	5990207	5990188	-	11.14	3.14
790	chr18	12102268	12102249	-	11.125	23.38
791	chr19	59380193	59380174	+	11.08	23.9
792	chr2	101665476	101665457	+	11.055	26.06
793	chr12	108541242	108541223	-	11.02	27.9
794	chr2	32583648	32583629	+	11.016	30.19
795	chr1	181881807	181881788	-	10.98	11.91
796	chr5	117506576	117506557	+	10.94	40.06
797	chr1	38789153	38789134	+	10.89	22.95
798	chr10	102445139	102445120	-	10.875	19.4
799	chr12	81788941	81788922	+	10.87	12.51
800	chr9	78233462	78233443	-	10.86	15.93
801	chr10	96618527	96618508	+	10.86	3.014
802	chr8	84639419	84639400	-	10.85	34.7
803	chr17	8468905	8468886	+	10.85	20.27
804	chr2	67535551	67535532	+	10.83	7.83
805	chr18	52947340	52947321	+	10.82	10.15
806	chr13	72625410	72625391	-	10.78	6.715
807	chr11	31942449	31942430	+	10.69	22.72
808	chr1	6190743	6190724	-	10.63	7.344
809	chr7	74367549	74367530	+	10.6	15.16
810	chr4	22482970	22482951	+	10.58	4.45
811	chr13	20298018	20297999	+	10.56	24.86
812	chr16	75325511	75325492	-	10.484	5.44
813	chr6	54586377	54586358	+	10.44	8.14
814	chr14	59604211	59604192	-	10.375	15.664
815	chr2	107946040	107946021	-	10.31	11.08
816	chr1	62701219	62701200	-	10.3	12.74
817	chr7	75914120	75914101	+	10.266	24.1
818	chr5	98167679	98167660	+	10.26	12.875
819	chr9	99671799	99671780	+	10.23	22.52
820	chr1	179847901	179847882	+	10.16	11.88
821	chr15	80080817	80080798	-	10.15	32.28
822	chr6	137747756	137747737	-	10.09	27.12
823	chr6	77249625	77249606	-	10.09	6.945
824	chr5	149049190	149049171	-	10.08	15.81
825	chr18	32814407	32814388	-	10.07	2.566
826	chr11	46258405	46258386	-	10.06	20.3
827	chr11	81974830	81974811	-	10.01	5.44
828	chr19	48414047	48414028	+	9.99	12.77
829	chr11	34836484	34836465	+	9.86	20.75
830	chr17	24437345	24437326	-	9.81	19.33
831	chr6	59208753	59208734	-	9.734	12.92
832	chr13	37325694	37325675	-	9.734	20.84
833	chr11	43412967	43412948	-	9.72	22.2
834	chr13	49651342	49651323	-	9.71	2.496
835	chr7	143151380	143151361	+	9.69	18.05
836	chr16	4285478	4285459	-	9.67	7.94
837	chr11	29715017	29714998	-	9.664	9.12
838	chr3	134654263	134654244	+	9.62	3.898
839	chr8	28978824	28978805	-	9.57	7.504
840	chr13	54062269	54062250	-	9.55	10.02
841	chr9	32585514	32585495	+	9.516	12.72
842	chr7	73648212	73648193	-	9.484	13.375
843	chr19	27425889	27425870	-	9.44	11.26
844	chr13	100854377	100854358	-	9.42	17.78
845	chr5	140749784	140749765	-	9.414	22.17
846	chr4	127027444	127027425	+	9.4	22.48
847	chr11	109221866	109221847	-	9.3	9.67
848	chr16	16596794	16596775	+	9.28	5.977
849	chr2	128605294	128605275	-	9.25	9.07
850	chr2	61492265	61492246	+	9.25	6.99
851	chr10	74217479	74217460	+	9.22	7.7
852	chr9	68016722	68016703	+	9.2	8.305
853	chr6	144248136	144248117	+	9.19	7.742
854	chr13	51191948	51191929	+	9.17	5.492
855	chr2	103424848	103424829	-	9.164	12.29
856	chr7	64751734	64751715	-	9.13	16.66
857	chr7	27160004	27159985	+	9.125	14.17
858	chr13	95986545	95986526	+	9.08	13.76
859	chr5	135118653	135118634	+	9.08	29.22
860	chr10	49786914	49786895	-	9.07	0.785
861	chr1	51639072	51639053	+	9.02	3.22
862	chr14	105307894	105307875	+	8.95	2.453
863	chr19	40231990	40231971	-	8.95	19.89
864	chr10	69656526	69656507	+	8.95	12.99
865	chr7	142714879	142714860	-	8.945	27.2
866	chr6	129256260	129256241	-	8.93	14.53
867	chr5	138199783	138199764	+	8.9	8.414
868	chr8	36193738	36193719	+	8.89	10.43
869	chr11	49597354	49597335	+	8.87	6.92
870	chr1	139405977	139405958	-	8.86	4.043
871	chr3	124289118	124289099	-	8.84	12.69
872	chr9	13196005	13195986	-	8.83	30.6
873	chr14	115819240	115819221	+	8.83	10.71
874	chr5	146914595	146914576	+	8.82	39.7
875	chr4	119223866	119223847	-	8.766	16.34
876	chr15	85879204	85879185	-	8.76	17.27
877	chr4	124682485	124682466	+	8.7	17.45
878	chr17	34956526	34956507	+	8.695	22.17
879	chr12	39494054	39494035	-	8.65	2.455
880	chr9	34485824	34485805	-	8.625	10.6
881	chr2	180786948	180786929	+	8.57	17.27
882	chr4	62230989	62230970	+	8.57	12.25
883	chr2	16357480	16357461	+	8.55	2.205
884	chr17	9759516	9759497	+	8.54	11.53
885	chr10	13018670	13018651	+	8.54	19.64
886	chr4	32570820	32570801	-	8.52	6.645
887	chr9	86451919	86451900	-	8.49	16.77
888	chr7	139590495	139590476	+	8.49	20.39
889	chr16	31944169	31944150	+	8.445	14.11
890	chr3	104701211	104701192	-	8.44	24.84
891	chr2	160955546	160955527	-	8.414	14.05
892	chr18	32811889	32811870	+	8.4	4.918
893	chr14	115042240	115042221	-	8.4	14.734
894	chr2	28464119	28464100	-	8.33	19.16
895	chr2	76369931	76369912	+	8.28	9.1
896	chr3	107605512	107605493	+	8.28	12.57
897	chr14	121220891	121220872	-	8.23	10.8
898	chr1	103796539	103796520	+	8.22	10.74
899	chr16	23151589	23151570	+	8.21	3.11
900	chr5	33371346	33371327	-	8.19	15.74
901	chr13	103121088	103121069	-	8.18	6.016
902	chr10	60760529	60760510	+	8.14	24.72
903	chr1	169921787	169921768	+	8.12	12.62
904	chr13	42826816	42826797	-	8.11	17.0
905	chr6	72601930	72601911	+	8.11	24.06
906	chr7	81345319	81345300	-	7.99	7.87
907	chr11	33934471	33934452	+	7.98	18.27
908	chr18	77044808	77044789	-	7.97	11.42
909	chr7	67217278	67217259	+	7.926	7.28
910	chr2	164074027	164074008	+	7.906	10.22
911	chr3	45373410	45373391	+	7.855	1.438
912	chr1	152768355	152768336	-	7.84	9.35
913	chr11	102267665	102267646	-	7.81	17.44
914	chr11	43411664	43411645	-	7.81	21.72
915	chr2	129880054	129880035	+	7.805	6.484
916	chr11	81972241	81972222	+	7.797	9.07
917	chr9	65581143	65581124	-	7.793	11.17
918	chr4	106228720	106228701	+	7.727	13.9
919	chr6	119467876	119467857	+	7.703	18.1
920	chr10	122794511	122794492	+	7.695	15.734
921	chr14	34813484	34813465	-	7.69	11.805
922	chr15	19280629	19280610	+	7.68	3.066
923	chr13	38235597	38235578	-	7.676	11.836
924	chr13	21710105	21710086	+	7.67	14.95
925	chr11	104231353	104231334	-	7.67	18.38
926	chr6	86401304	86401285	-	7.64	23.28
927	chr4	24245320	24245301	-	7.633	3.027
928	chr9	29655082	29655063	+	7.613	20.11
929	chr9	58535957	58535938	-	7.605	16.9
930	chr5	112427478	112427459	-	7.598	9.93
931	chr4	140539353	140539334	-	7.58	22.9
932	chr14	105302910	105302891	+	7.57	4.605
933	chr7	19713404	19713385	-	7.543	26.19
934	chr1	127487367	127487348	-	7.52	14.33
935	chr19	56806125	56806106	-	7.504	5.934
936	chr19	47175662	47175643	-	7.46	21.67
937	chr2	150795624	150795605	-	7.44	6.633
938	chr2	137114826	137114807	+	7.438	4.08
939	chr10	119244230	119244211	+	7.434	4.305
940	chr5	117094622	117094603	+	7.42	22.22
941	chr11	67100384	67100365	-	7.42	22.83
942	chr5	30686988	30686969	+	7.41	18.64
943	chr8	105291139	105291120	-	7.41	11.78
944	chr7	143470174	143470155	-	7.39	17.94
945	chr15	8099290	8099271	-	7.35	8.336
946	chr7	119015949	119015930	+	7.34	17.75
947	chr17	56306039	56306020	-	7.305	16.48
948	chr1	134636895	134636876	+	7.3	5.97
949	chr17	65541217	65541198	+	7.258	9.125
950	chr14	49218880	49218861	+	7.25	8.47
951	chr1	25527154	25527135	+	7.2	7.453
952	chr1	146515575	146515556	+	7.18	3.11
953	chr9	44109578	44109559	+	7.176	33.9
954	chr11	108889358	108889339	+	7.15	8.016
955	chr7	138398615	138398596	+	7.117	4.707
956	chr5	32204842	32204823	+	7.11	6.15
957	chr8	14859581	14859562	+	7.1	5.27
958	chr11	95676507	95676488	-	7.09	14.555
959	chr6	85141186	85141167	+	7.08	33.56
960	chr14	20340404	20340385	-	7.04	15.81
961	chr1	193130339	193130320	-	7.023	5.71
962	chr9	98032882	98032863	+	6.992	4.73
963	chr7	143793289	143793270	+	6.98	21.42
964	chr12	32292312	32292293	-	6.895	8.26
965	chr17	45724453	45724434	-	6.89	12.125
966	chr14	102512314	102512295	+	6.89	1.602
967	chr8	11943038	11943019	+	6.88	5.47
968	chr7	83553561	83553542	+	6.867	8.27
969	chr9	64960779	64960760	-	6.85	16.31
970	chr9	30426996	30426977	+	6.832	15.31
971	chr11	119249183	119249164	+	6.785	23.48
972	chr8	90795542	90795523	+	6.77	10.67
973	chr2	113498926	113498907	-	6.766	9.86
974	chr13	62926662	62926643	+	6.75	4.73
975	chr1	127485025	127485006	+	6.715	16.44
976	chr17	78592615	78592596	+	6.715	8.945
977	chr2	118246134	118246115	-	6.668	13.72
978	chr2	92474875	92474856	-	6.652	13.95
979	chr7	17061423	17061404	+	6.645	15.1
980	chr10	122090678	122090659	+	6.63	8.38
981	chr13	64448147	64448128	+	6.594	17.92
982	chr2	34642611	34642592	-	6.562	14.51
983	chr5	117509743	117509724	+	6.54	26.92
984	chr7	131371109	131371090	+	6.516	4.71
985	chr6	94054143	94054124	-	6.5	13.34
986	chr14	20697228	20697209	+	6.465	17.88
987	chr10	122798121	122798102	+	6.46	15.23
988	chr13	14196604	14196585	+	6.45	1.613
989	chr3	118991976	118991957	+	6.438	8.26
990	chr9	107231295	107231276	-	6.434	7.414
991	chr15	24557016	24556997	-	6.418	3.371
992	chr2	178407758	178407739	+	6.414	11.43
993	chr9	90683476	90683457	-	6.38	1.322
994	chr6	22968335	22968316	-	6.34	6.418
995	chr12	67217811	67217792	+	6.336	1.95
996	chr10	82910438	82910419	+	6.277	10.99
997	chr7	49125716	49125697	+	6.258	16.88
998	chr11	119491305	119491286	-	6.215	10.81
999	chr11	32341308	32341289	-	6.21	14.555
1000	chr19	8713406	8713387	+	6.19	10.44
1001	chr4	48048044	48048025	+	6.152	6.21
1002	chr11	52764825	52764806	+	6.15	7.75
1003	chr13	20564636	20564617	-	6.145	4.82
1004	chr10	39105011	39104992	-	6.14	7.152
1005	chr11	98909856	98909837	-	6.117	18.95
1006	chr1	151025102	151025083	+	6.117	4.496
1007	chr5	98167777	98167758	-	6.113	9.555
1008	chr8	88118562	88118543	+	6.062	3.66
1009	chr16	92511934	92511915	+	6.035	16.34
1010	chr15	25792295	25792276	-	6.008	6.87
1011	chr13	92751194	92751175	+	5.938	12.68
1012	chr5	101688793	101688774	-	5.934	12.51
1013	chr7	112023252	112023233	+	5.93	8.26
1014	chr14	21854038	21854019	-	5.914	27.36
1015	chr8	32003733	32003714	-	5.9	2.012
1016	chr13	53095394	53095375	-	5.867	6.086
1017	chr1	182554179	182554160	+	5.836	10.15
1018	chr6	18381568	18381549	+	5.832	1.955
1019	chr9	77389590	77389571	+	5.832	5.68
1020	chr16	5254481	5254462	-	5.812	12.77
1021	chr2	93199625	93199606	+	5.797	14.08
1022	chr9	81631651	81631632	-	5.793	3.863
1023	chr2	152887412	152887393	-	5.78	4.652
1024	chr4	153481137	153481118	-	5.766	3.3
1025	chr8	72239706	72239687	-	5.754	5.32
1026	chr18	65750236	65750217	-	5.703	2.543
1027	chr6	61311882	61311863	-	5.68	7.43
1028	chr18	46143625	46143606	+	5.676	6.477
1029	chr6	120836118	120836099	+	5.64	7.797
1030	chr6	100563990	100563971	-	5.625	4.164
1031	chr3	13475098	13475079	-	5.61	1.948
1032	chr2	132262968	132262949	+	5.6	7.164
1033	chr11	103334169	103334150	+	5.594	12.02
1034	chr6	54255029	54255010	+	5.586	4.35
1035	chr13	101711018	101710999	+	5.543	9.15
1036	chr5	39644761	39644742	-	5.54	3.531
1037	chr8	90795201	90795182	-	5.516	4.996
1038	chr18	23162646	23162627	+	5.51	1.562
1039	chr16	78165563	78165544	+	5.477	7.39
1040	chr2	96584106	96584087	-	5.44	3.29
1041	chr12	72070473	72070454	+	5.426	11.336
1042	chr12	24708691	24708672	+	5.414	9.914
1043	chr8	92367135	92367116	-	5.406	6.984
1044	chr17	83866777	83866758	+	5.4	23.0
1045	chr13	55322636	55322617	-	5.4	7.0
1046	chr6	88893771	88893752	-	5.395	16.78
1047	chr19	8718731	8718712	-	5.383	8.6
1048	chr12	59220179	59220160	-	5.38	2.5
1049	chr14	60784526	60784507	+	5.367	16.06
1050	chr3	153658591	153658572	+	5.33	6.258
1051	chr9	77386949	77386930	-	5.312	12.24
1052	chr10	83219903	83219884	+	5.312	6.188
1053	chr6	15176967	15176948	-	5.31	2.947
1054	chr2	152604207	152604188	-	5.27	19.44
1055	chr2	39003369	39003350	-	5.26	1.671
1056	chr16	31425707	31425688	-	5.254	13.484
1057	chr5	137503018	137502999	-	5.227	3.691
1058	chr18	13973086	13973067	-	5.207	0.71
1059	chr17	68849016	68848997	-	5.2	1.891
1060	chr2	128408931	128408912	-	5.19	8.72
1061	chr14	97559790	97559771	-	5.16	2.041
1062	chr8	67903864	67903845	-	5.13	6.113
1063	chr14	56888181	56888162	-	5.125	3.316
1064	chr4	132198465	132198446	+	5.125	11.19
1065	chr2	39005861	39005842	-	5.12	3.883
1066	chr7	137471679	137471660	-	5.1	19.97
1067	chr6	64949075	64949056	+	5.09	5.168
1068	chr18	16821148	16821129	+	5.043	1.935
1069	chr2	93813566	93813547	+	5.04	13.086
1070	chr6	126481478	126481459	-	5.023	10.89
1071	chr1	181881093	181881074	-	4.984	10.19
1072	chr6	108065822	108065803	-	4.977	6.67
1073	chr4	88550373	88550354	+	4.938	4.04
1074	chr5	137502167	137502148	+	4.867	8.81
1075	chr8	77618148	77618129	-	4.86	4.188
1076	chr7	120098024	120098005	+	4.855	7.22
1077	chr2	75152706	75152687	-	4.824	10.55
1078	chr11	87950193	87950174	+	4.78	11.09
1079	chr11	94598936	94598917	-	4.746	10.49
1080	chr1	10229119	10229100	+	4.746	0.972
1081	chr7	143476888	143476869	+	4.746	8.89
1082	chr9	102607693	102607674	-	4.715	3.604
1083	chr8	32009749	32009730	+	4.71	6.785
1084	chr3	99262117	99262098	-	4.707	1.889
1085	chr18	75607987	75607968	+	4.664	23.11
1086	chr7	75380211	75380192	-	4.64	2.41
1087	chr3	135863108	135863089	+	4.64	3.164
1088	chr4	87369015	87368996	-	4.625	9.125
1089	chr8	84639535	84639516	+	4.605	13.88
1090	chr15	74524301	74524282	+	4.586	13.7
1091	chr17	57007316	57007297	-	4.582	9.42
1092	chr11	30893985	30893966	+	4.547	0.9004
1093	chr19	57360190	57360171	-	4.543	2.654
1094	chr8	110102657	110102638	-	4.53	9.24
1095	chr7	135389259	135389240	-	4.53	9.336
1096	chr4	152527530	152527511	+	4.516	13.99
1097	chr13	103710441	103710422	+	4.5	4.57
1098	chr10	120896053	120896034	+	4.5	2.322
1099	chr18	5155632	5155613	-	4.484	6.39
1100	chr12	80141693	80141674	-	4.45	17.05
1101	chr5	118763566	118763547	-	4.418	12.81
1102	chr12	14150175	14150156	+	4.406	3.688
1103	chr10	128990300	128990281	-	4.4	8.03
1104	chr10	30834038	30834019	-	4.37	4.473
1105	chr6	50618483	50618464	+	4.367	12.766
1106	chr15	9748972	9748953	-	4.36	3.496
1107	chr16	92308164	92308145	-	4.355	11.22
1108	chr2	9881964	9881945	-	4.355	2.918
1109	chr8	123106089	123106070	+	4.336	8.18
1110	chr5	98346264	98346245	+	4.324	2.342
1111	chr10	40249841	40249822	-	4.316	12.23
1112	chr3	141457685	141457666	+	4.312	4.707
1113	chr9	40192620	40192601	-	4.3	2.145
1114	chr9	72448248	72448229	+	4.29	7.78
1115	chr13	24316809	24316790	-	4.273	3.682
1116	chr1	50927249	50927230	+	4.258	4.5
1117	chr11	102690417	102690398	-	4.223	12.195
1118	chr4	116627141	116627122	+	4.207	6.52
1119	chr15	76198817	76198798	+	4.164	10.72
1120	chr15	12113620	12113601	-	4.156	3.312
1121	chr1	115675059	115675040	+	4.152	5.223
1122	chr2	34644807	34644788	-	4.15	8.266
1123	chr2	166084974	166084955	-	4.133	18.12
1124	chr11	21571906	21571887	-	4.13	2.105
1125	chr15	9449709	9449690	-	4.062	0.543
1126	chr5	92664520	92664501	-	4.055	3.326
1127	chr12	77001216	77001197	+	4.043	1.105
1128	chr6	93757507	93757488	-	4.01	5.273
1129	chr19	56302794	56302775	+	4.01	3.797
1130	chr13	71954038	71954019	-	4.008	1.19
1131	chr4	17852015	17851996	-	4.0	0.8535
1132	chr18	39136126	39136107	+	3.992	1.932
1133	chr1	153489234	153489215	-	3.99	7.715
1134	chr9	66136172	66136153	-	3.988	5.383
1135	chr11	109621431	109621412	-	3.979	11.484
1136	chr13	91723318	91723299	+	3.959	5.49
1137	chr13	3642291	3642272	-	3.959	4.75
1138	chr13	47304770	47304751	+	3.957	6.746
1139	chr2	121144456	121144437	+	3.953	4.504
1140	chr13	93772223	93772204	-	3.928	3.56
1141	chr10	70967079	70967060	+	3.916	4.88
1142	chr13	59417085	59417066	-	3.91	5.0
1143	chr7	102484972	102484953	-	3.883	7.0
1144	chr5	38235667	38235648	-	3.879	10.78
1145	chr14	56885401	56885382	+	3.87	2.412
1146	chr11	75170669	75170650	-	3.861	7.984
1147	chr11	77980417	77980398	+	3.846	9.5
1148	chr9	94738712	94738693	+	3.828	14.92
1149	chr6	140466500	140466481	-	3.816	3.785
1150	chr19	57361025	57361006	-	3.814	6.484
1151	chr12	58972459	58972440	+	3.777	2.135
1152	chr2	61490636	61490617	+	3.775	5.23
1153	chr4	44310651	44310632	+	3.762	4.973
1154	chr11	52766147	52766128	+	3.734	1.83
1155	chr13	72627587	72627568	-	3.717	4.066
1156	chr9	23012459	23012440	-	3.71	1.704
1157	chr16	31427924	31427905	-	3.705	3.383
1158	chr12	29895773	29895754	+	3.691	1.481
1159	chr9	73154557	73154538	+	3.666	9.1
1160	chr1	127484437	127484418	-	3.66	8.8
1161	chr9	107566236	107566217	+	3.656	7.098
1162	chr2	68118338	68118319	+	3.652	4.36
1163	chr11	11140836	11140817	-	3.629	13.69
1164	chr12	74014936	74014917	-	3.627	5.97
1165	chr7	138396301	138396282	-	3.621	0.934
1166	chr14	103534605	103534586	+	3.617	5.312
1167	chr10	115164112	115164093	-	3.613	3.031
1168	chr7	119019764	119019745	+	3.598	7.113
1169	chr13	96389525	96389506	-	3.588	1.339
1170	chr14	74723724	74723705	-	3.586	5.766
1171	chr14	55114114	55114095	-	3.57	7.387
1172	chr9	62784468	62784449	+	3.562	12.84
1173	chr10	127678167	127678148	-	3.541	2.129
1174	chr17	55948218	55948199	-	3.535	4.3
1175	chr11	78183263	78183244	-	3.525	12.305
1176	chr6	59207403	59207384	-	3.508	1.477
1177	chr6	135416919	135416900	+	3.498	4.027
1178	chr5	122104403	122104384	+	3.492	11.98
1179	chr13	37971068	37971049	-	3.482	3.088
1180	chr5	114612410	114612391	+	3.48	13.6
1181	chr10	114442226	114442207	+	3.46	2.104
1182	chr2	145655527	145655508	-	3.44	2.05
1183	chr7	109507351	109507332	-	3.418	1.832
1184	chr16	10009965	10009946	+	3.402	4.965
1185	chr14	67969032	67969013	-	3.385	5.523
1186	chr5	140744055	140744036	-	3.348	10.35
1187	chr1	56984334	56984315	+	3.338	2.584
1188	chr2	137110782	137110763	+	3.328	1.323
1189	chr16	22267525	22267506	+	3.322	1.262
1190	chr16	4884595	4884576	-	3.3	2.822
1191	chr5	19458406	19458387	-	3.291	6.625
1192	chr1	84697217	84697198	-	3.29	7.492
1193	chr14	122903088	122903069	-	3.29	2.205
1194	chr7	64056729	64056710	-	3.273	1.214
1195	chr9	71624061	71624042	-	3.273	15.39
1196	chr9	96885958	96885939	-	3.271	10.016
1197	chr18	46964733	46964714	-	3.266	8.555
1198	chr3	122638475	122638456	+	3.26	4.82
1199	chr9	94733848	94733829	+	3.256	3.768
1200	chr1	167938404	167938385	-	3.25	6.79
1201	chr1	180811841	180811822	+	3.244	6.383
1202	chr10	42760472	42760453	+	3.229	1.784
1203	chr18	20598347	20598328	+	3.213	4.758
1204	chr17	71909305	71909286	+	3.203	3.572
1205	chr1	34459898	34459879	+	3.193	3.389
1206	chr4	117202234	117202215	-	3.191	9.61
1207	chr15	101313974	101313955	-	3.178	2.96
1208	chr16	13438138	13438119	+	3.176	1.241
1209	chr7	114878499	114878480	+	3.174	1.604
1210	chr11	109866735	109866716	+	3.166	2.812
1211	chr3	123509329	123509310	+	3.162	5.67
1212	chr3	114085881	114085862	-	3.146	0.5283
1213	chr4	120149384	120149365	-	3.145	8.09
1214	chr16	4549594	4549575	-	3.137	11.12
1215	chr15	78872224	78872205	+	3.133	9.35
1216	chr12	57231261	57231242	-	3.127	3.32
1217	chr9	71624949	71624930	-	3.125	15.0
1218	chr4	18963859	18963840	-	3.12	4.01
1219	chr8	40913366	40913347	-	3.115	1.625
1220	chr5	21645240	21645221	-	3.11	1.259
1221	chr10	68357244	68357225	+	3.094	1.353
1222	chr2	93812077	93812058	-	3.06	11.82
1223	chr12	75669431	75669412	-	3.05	4.1
1224	chr1	12844023	12844004	+	3.033	4.33
1225	chr12	86697142	86697123	+	3.025	6.996
1226	chr9	98033678	98033659	+	3.021	1.525
1227	chr19	37946902	37946883	+	3.02	4.082
1228	chr9	75271676	75271657	+	3.01	4.42
1229	chr11	55162881	55162862	+	2.996	3.625
1230	chr17	25274339	25274320	-	2.984	4.45
1231	chr6	108065317	108065298	+	2.984	5.535
1232	chr7	5071749	5071730	-	2.928	2.754
1233	chr3	152477906	152477887	-	2.922	3.295
1234	chr5	28090770	28090751	-	2.922	2.412
1235	chr14	78282622	78282603	+	2.91	2.186
1236	chr14	88480122	88480103	-	2.906	3.236
1237	chr7	107569047	107569028	+	2.902	1.588
1238	chr3	83777088	83777069	-	2.879	3.992
1239	chr8	48550865	48550846	+	2.871	0.592
1240	chr7	132575955	132575936	-	2.855	4.473
1241	chr14	79769127	79769108	-	2.852	4.36
1242	chr17	69974245	69974226	-	2.799	1.284
1243	chr12	66284211	66284192	-	2.793	5.484
1244	chr6	83796902	83796883	-	2.785	3.35
1245	chr9	44108077	44108058	+	2.785	11.375
1246	chr11	116023924	116023905	+	2.777	6.906
1247	chr3	86779824	86779805	-	2.775	8.64
1248	chr19	46056202	46056183	+	2.77	5.27
1249	chr10	108210181	108210162	-	2.762	0.674
1250	chr8	27001386	27001367	+	0.4329	0.4077
1251	chr17	28338029	28338010	-	0.252	0.265
1252	chr11	76445826	76445807	-	0.2268	0.1863
1253	chr5	144244146	144244127	-	0.311	0.3691
1254	chr14	79768803	79768784	-	0.3076	0.2808
1255	chr9	26778623	26778604	-	1.299	0.6914
1256	chr7	25392052	25392033	+	0.2487	0.242
1257	chr3	101484879	101484860	-	0.3438	0.528
1258	chr2	69113988	69113969	+	0.2472	0.1981
1259	chr13	29852447	29852428	-	0.1781	0.1941
1260	chr2	60213231	60213212	-	0.1073	0.1628
1261	chr2	171418157	171418138	-	0.1407	0.2131
1262	chr7	64392050	64392031	-	0.514	0.2006
1263	chr15	36157434	36157415	-	0.7227	0.836
1264	chr4	49662357	49662338	-	0.4692	0.2915
1265	chr4	48422356	48422337	+	1.027	0.5225
1266	chr18	82720514	82720495	+	0.1605	0.1409
1267	chr1	172022686	172022667	+	0.1733	0.1764
1268	chr7	139595890	139595871	+	0.1575	0.2125
1269	chr12	73007842	73007823	-	0.345	0.2974
1270	chr17	27192928	27192909	-	0.1056	0.4468
1271	chr1	53698960	53698941	+	0.557	0.255
1272	chr18	12734380	12734361	+	0.207	0.1383
1273	chr6	126767488	126767469	-	0.2039	0.2483
1274	chr2	92856249	92856230	-	2.734	0.857
1275	chr11	74572851	74572832	+	0.2646	0.2705
1276	chr9	59675637	59675618	-	0.4082	0.744
1277	chr15	55025647	55025628	+	0.1847	0.1536
1278	chr4	120579150	120579131	-	0.33	0.264
1279	chr15	74525720	74525701	+	0.2172	0.2104
1280	chr1	88748095	88748076	+	0.1973	0.1881
1281	chr15	32239655	32239636	-	0.2822	0.1587
1282	chr7	36571183	36571164	+	0.1103	0.1942
1283	chr11	113855351	113855332	-	0.1613	0.1947
1284	chr6	90609163	90609144	+	2.127	1.159
1285	chr3	146181407	146181388	-	0.2034	0.3416
1286	chr10	69857222	69857203	-	0.3232	0.3599
1287	chr2	158361425	158361406	-	0.5625	0.2502
1288	chr5	136268179	136268160	-	0.1886	0.2153
1289	chr16	11983350	11983331	-	1.634	1.076
1290	chr2	84437773	84437754	+	0.2305	0.14
1291	chr18	24002018	24001999	-	0.133	0.1333
1292	chr1	130151533	130151514	-	0.4075	0.3347
1293	chr9	59675855	59675836	+	0.3367	0.2161
1294	chr11	116840251	116840232	-	0.3374	0.637
1295	chr2	155819963	155819944	+	0.07886	0.146
1296	chr14	105301632	105301613	+	0.206	0.2114
1297	chr12	9044592	9044573	+	0.1821	0.2019
1298	chr18	13971224	13971205	-	0.5337	0.3596
1299	chr5	136267600	136267581	-	0.2751	0.189
1300	chr5	33371430	33371411	+	0.3992	0.1644
1301	chr14	51090397	51090378	-	0.4153	0.243
1302	chr1	77935072	77935053	+	0.1814	0.1729
1303	chr11	119246049	119246030	-	0.204	0.3367
1304	chr17	50274949	50274930	-	0.441	0.1749
1305	chr8	108956442	108956423	+	0.5635	0.3044
1306	chr11	66885340	66885321	+	0.1636	0.169
1307	chr7	30099945	30099926	-	0.1979	0.1757
1308	chr15	99973159	99973140	-	0.1998	0.3345
1309	chr5	16308949	16308930	+	0.1567	0.1411
1310	chr6	119466578	119466559	-	0.9824	0.9795
1311	chr2	136886679	136886660	+	0.7764	0.2095
1312	chr14	79763594	79763575	-	0.2852	0.151
1313	chr2	170416012	170415993	+	0.1837	0.1256
1314	chr4	41015236	41015217	-	0.1882	0.1434
1315	chr11	70975109	70975090	+	0.713	0.3914
1316	chr5	122773202	122773183	+	0.11584	0.1375
1317	chr4	128588031	128588012	-	0.2659	0.1909
1318	chr8	122576186	122576167	-	0.11285	0.1545
1319	chr7	76383989	76383970	+	0.1553	0.154
1320	chr9	41467019	41467000	-	0.2223	0.1565
1321	chr1	32712246	32712227	-	0.05322	0.1516
1322	chr16	23974866	23974847	-	0.5283	0.3425
1323	chr15	84066194	84066175	-	0.6196	1.17
1324	chr11	40148920	40148901	-	1.272	0.642
1325	chr7	27166488	27166469	-	0.306	0.491
1326	chr11	30240273	30240254	+	0.4001	0.2556
1327	chr2	69115969	69115950	-	0.1754	0.1587
1328	chr9	113420569	113420550	-	0.2261	0.2178
1329	chr12	99882528	99882509	-	0.2617	0.1387
1330	chr5	77347648	77347629	-	0.3625	0.4211
1331	chr10	49780455	49780436	+	0.2179	0.1394
1332	chr5	75855263	75855244	-	0.6416	0.4326
1333	chr2	124087358	124087339	-	0.6436	0.2075
1334	chr14	49219056	49219037	+	0.678	0.694
1335	chr5	147938091	147938072	+	0.368	0.1842
1336	chr11	32340288	32340269	+	0.1792	0.1648
1337	chr16	50181579	50181560	+	0.2006	0.1838
1338	chr16	20496121	20496102	-	0.6714	0.1777
1339	chr8	76775680	76775661	+	0.135	0.1975
1340	chr14	65597676	65597657	+	0.6543	0.452
1341	chr7	64754771	64754752	+	0.1351	0.2295
1342	chr2	166083979	166083960	-	0.2964	0.2065
1343	chr16	44140440	44140421	+	0.4607	0.3381
1344	chr12	90524338	90524319	-	0.3223	0.2983
1345	chr5	89391716	89391697	+	0.1626	0.1418
1346	chr9	59675438	59675419	-	0.2104	0.1542
1347	chr19	16339103	16339084	-	0.1967	0.1177
1348	chr13	30545067	30545048	+	0.3672	0.2915
1349	chr1	92462681	92462662	+	0.3916	0.1832
1350	chr4	84066283	84066264	-	0.1898	0.1552
1351	chr9	83373922	83373903	-	0.2197	0.1434
1352	chr4	88773969	88773950	-	0.9507	8.01
1353	chr9	123132258	123132239	-	0.1687	0.1416
1354	chr17	34958843	34958824	-	0.2079	0.5464
1355	chr12	50946225	50946206	+	0.2341	0.157
1356	chr13	73647252	73647233	+	0.267	0.1704
1357	chr11	83279300	83279281	-	0.4434	0.2251
1358	chr17	8986048	8986029	-	0.3325	0.212
1359	chr4	14935721	14935702	-	0.7095	0.296
1360	chr4	75076699	75076680	+	0.09125	0.2014
1361	chr5	114610713	114610694	+	0.0985	0.1626
1362	chr9	83378273	83378254	-	0.471	0.2808
1363	chr9	107773182	107773163	-	0.1786	0.1414
1364	chr9	41218030	41218011	+	0.1323	0.1355
1365	chr9	105644718	105644699	+	0.4255	0.1808
1366	chr8	84264441	84264422	-	1.261	1.4795
1367	chr4	135959453	135959434	+	0.112	0.2223
1368	chr1	24684268	24684249	+	0.4001	0.1942
1369	chr3	87748577	87748558	-	0.7593	0.4382
1370	chr9	54690950	54690931	+	0.11566	0.136
1371	chr15	82277690	82277671	-	0.9043	0.4492
1372	chr5	115498528	115498509	-	0.2693	0.2164
1373	chr9	56621276	56621257	+	0.10846	0.253
1374	chr18	81956733	81956714	-	0.2815	0.2637
1375	chr10	22791401	22791382	-	0.1346	0.2358
1376	chr15	82271301	82271282	+	0.836	0.1838
1377	chr12	69946159	69946140	+	0.555	0.455
1378	chr14	101442800	101442781	+	0.2983	0.1344
1379	chr2	164777017	164776998	-	0.5176	0.361
1380	chr10	24631573	24631554	-	1.178	1.224
1381	chr1	136528510	136528491	-	1.761	0.7373
1382	chr10	19222118	19222099	-	1.411	0.8228
1383	chr14	56885508	56885489	-	2.348	4.004
1384	chr8	85060493	85060474	-	0.9688	0.437
1385	chr11	96075822	96075803	-	0.9316	0.4944
1386	chr11	77476535	77476516	+	0.1632	0.2383
1387	chr1	81294004	81293985	-	0.905	0.562
1388	chr12	15520954	15520935	+	0.7183	0.4033
1389	chr7	66397054	66397035	+	0.1594	0.2107
1390	chr12	74014582	74014563	-	0.2377	0.1973
1391	chr5	144242554	144242535	-	0.241	0.1987
1392	chr15	66894943	66894924	+	0.2703	0.2021
1393	chr6	126484995	126484976	-	0.4333	1.278
1394	chr4	48427148	48427129	+	0.678	0.3833
1395	chr15	71459211	71459192	+	0.252	0.1731
1396	chr3	19896435	19896416	-	0.2361	0.1467
1397	chr8	68268707	68268688	-	0.1398	0.1492
1398	chr1	182555580	182555561	-	0.1982	0.1915
1399	chr9	44413186	44413167	-	0.534	0.393
1400	chr14	70151716	70151697	+	0.3604	0.2382
1401	chr4	62478250	62478231	+	0.438	0.1328
1402	chr3	127561629	127561610	-	0.2183	0.12354
1403	chr3	69139614	69139595	-	0.397	0.2261
1404	chr17	17919616	17919597	+	0.1678	0.167
1405	chr4	139314214	139314195	-	0.2279	0.269
1406	chr18	61952763	61952744	-	0.2372	0.1731
1407	chr9	7599188	7599169	+	0.33	0.191
1408	chr10	120898341	120898322	-	0.3386	0.1467
1409	chr11	57469613	57469594	-	0.1846	0.2297
1410	chr18	58480198	58480179	-	0.2095	0.1665
1411	chr17	12380527	12380508	-	0.658	0.591
1412	chr2	107940173	107940154	+	0.11664	0.1351
1413	chr2	32580534	32580515	-	0.2605	0.4055
1414	chr15	98813480	98813461	+	0.3496	0.5376
1415	chr6	54253893	54253874	+	0.1663	0.1743
1416	chr1	135800865	135800846	+	0.1766	0.1665
1417	chr15	58426369	58426350	+	0.1996	0.1519
1418	chr4	87367775	87367756	+	0.3853	0.1472
1419	chr2	96583103	96583084	-	0.809	0.3242
1420	chr4	63366959	63366940	-	0.1979	0.1753
1421	chr4	59761293	59761274	-	0.3435	0.2113
1422	chr10	7832162	7832143	+	0.2646	0.1672
1423	chr7	89904213	89904194	-	0.2908	0.156
1424	chr1	30697342	30697323	+	0.1025	0.1263
1425	chr1	58987602	58987583	+	0.2202	0.1498
1426	chr15	7452190	7452171	+	0.1405	0.12085
1427	chr4	139877044	139877025	+	0.3875	0.2688
1428	chr3	83291887	83291868	-	0.0825	0.137
1429	chr15	68912907	68912888	-	0.5024	0.2024
1430	chr14	64593744	64593725	-	1.073	0.5703
1431	chr1	56980349	56980330	-	0.2778	0.2322
1432	chr14	75833620	75833601	-	0.6006	0.4543
1433	chr16	62904648	62904629	-	0.217	0.1924
1434	chr5	35991229	35991210	-	1.033	1.082
1435	chr5	44287418	44287399	-	0.248	0.155
1436	chr15	76199915	76199896	-	0.07776	0.3071
1437	chr4	131240262	131240243	-	0.241	0.206
1438	chr5	102147917	102147898	-	0.228	0.2458
1439	chr3	93086926	93086907	+	0.0978	0.1787
1440	chr6	126163382	126163363	+	2.373	1.376
1441	chr3	45375769	45375750	+	1.051	0.2544
1442	chr16	90306219	90306200	-	0.3647	0.3506
1443	chr17	3249270	3249251	-	0.1843	0.136
1444	chr4	143024421	143024402	-	0.087	0.1317
1445	chr19	47513892	47513873	-	0.2471	0.1393
1446	chr6	66534595	66534576	-	1.387	0.675
1447	chr6	134963172	134963153	-	0.6475	0.5996
1448	chr14	56369245	56369226	+	0.2401	0.1912
1449	chr18	53460219	53460200	+	0.1775	0.162
1450	chr7	89476922	89476903	-	0.2163	0.1522
1451	chr6	34273116	34273097	+	0.0673	0.1545
1452	chr7	142295608	142295589	-	1.062	6.32
1453	chr3	22302208	22302189	+	0.992	0.3848
1454	chr6	31045994	31045975	-	0.7534	0.959
1455	chr9	57143378	57143359	-	0.1816	0.2302
1456	chr6	101268340	101268321	+	0.2712	0.1924
1457	chr9	58897456	58897437	-	0.7163	0.4846
1458	chr17	79601068	79601049	+	0.2245	0.12476
1459	chr16	5254607	5254588	-	0.2883	0.22
1460	chr4	83595536	83595517	+	1.783	1.041
1461	chr9	51159881	51159862	-	0.6875	0.266
1462	chr14	66354429	66354410	+	0.1142	0.1388
1463	chr5	117090283	117090264	+	0.5806	0.4014
1464	chr2	168061425	168061406	-	0.1733	0.2051
1465	chr5	9169228	9169209	+	0.3306	0.1686
1466	chr6	28418701	28418682	-	0.4202	0.266
1467	chr12	105038443	105038424	-	0.1501	0.2063
1468	chr1	182558143	182558124	-	0.2264	0.1511
1469	chr8	47713300	47713281	-	1.078	1.646
1470	chr18	47357393	47357374	+	0.2007	0.1278
1471	chr1	118771083	118771064	-	0.1254	0.2006
1472	chr16	6493044	6493025	-	0.1927	0.1516
1473	chr9	42951005	42950986	-	0.3914	0.2078
1474	chr13	53430986	53430967	-	0.6504	0.3672
1475	chr13	67609268	67609249	+	2.162	0.826
1476	chr1	53035072	53035053	+	0.1465	0.1494
1477	chr7	99471824	99471805	-	0.3745	0.4907
1478	chr11	36543574	36543555	-	0.1156	0.1614
1479	chr5	124334258	124334239	-	0.3428	0.273
1480	chr10	76771414	76771395	-	0.1296	0.2047
1481	chr10	4386719	4386700	+	0.32	0.4492
1482	chr5	116554091	116554072	+	0.0876	0.1714
1483	chr10	41734858	41734839	+	0.1406	0.2605
1484	chr10	50906875	50906856	-	0.2361	0.1674
1485	chr11	31651668	31651649	+	0.07605	0.1534
1486	chr6	116193190	116193171	+	0.3687	0.372
1487	chr1	188976509	188976490	+	0.343	0.1833
1488	chr12	101976095	101976076	+	0.681	0.4116
1489	chr15	75925915	75925896	+	0.6084	0.9233
1490	chr1	4777287	4777268	-	0.9443	1.425
1491	chr18	86560230	86560211	+	0.7866	1.138
1492	chr7	43574878	43574859	+	1.292	1.347
1493	chr7	98200601	98200582	-	0.2927	0.1711
1494	chr4	143319849	143319830	+	0.2299	0.1525
1495	chr2	128601696	128601677	-	0.1208	0.207
1496	chr17	57004491	57004472	-	0.1467	0.2932
1497	chr2	35196541	35196522	-	1.081	0.3997
1498	chr5	29779371	29779352	+	0.1531	0.1671
1499	chr10	93038429	93038410	-	0.163	0.1875
