chr	start	stop	type	ave_corr
chr5	63203328	64514048	fold0	0.22108798294166973
chr3	138672128	139982848	fold0	0.11048212408156907
chr5	43542528	44853248	fold0	0.2287964822946868
chr3	115171328	116482048	fold0	0.2239217328062055
chr7	61700096	63010816	fold0	0.04083648441804185
chr4	141115392	142426112	fold0	0.03163352905523807
chr3	140638208	141948928	fold0	0.11515638235276127
chr5	57632768	58943488	fold0	0.0009919892206638628
chr6	65816576	67127296	fold0	0.10205538379059369
chr4	124506112	125816832	fold0	0.3515426100036958
chr4	106102784	107413504	fold0	0.29847772984019155
chr3	154400768	155711488	fold0	0.22334386705935122
chr5	56977408	58288128	fold0	0.30426936559553386
chr5	38955008	40265728	fold0	0.10158394420734232
chr4	94595072	95905792	fold0	0.08770003919149168
chr5	146888704	148199424	fold0	0.2738980107977536
chr4	141770752	143081472	fold0	0.3372916183319141
chr5	55666688	56977408	fold0	0.007767023280699614
chr3	37431296	38742016	fold0	0.22393744453703432
chr19	10692608	12003328	fold0	0.2094705092213123
chr5	45508608	46819328	fold0	0.194192407310377
chr3	45893632	47204352	fold0	0.0777592394693293
chr4	109379584	110690304	fold0	0.17022710883263478
chr4	105447424	106758144	fold0	0.3090490989371832
chr3	123035648	124346368	fold0	0.1479845726202966
chr3	152107008	153417728	fold0	0.4265194231588002
chr3	42616832	43927552	fold0	0.05960812287603224
chr3	149813248	151123968	fold0	0.14431457367089026
chr5	95827968	97138688	fold0	0.343548273644617
chr3	152434688	153745408	fold0	0.4485967170385739
chrX	22030336	23341056	fold0	0.06701430732898238
chr3	98574336	99885056	fold0	0.02406030321496642
chr3	157349888	158660608	fold0	0.3881857937773953
chr3	108404736	109715456	fold0	0.1819412096858824
chr11	67231744	68542464	fold0	0.29464796497013523
chr5	101070848	102381568	fold0	0.1901865185925148
chr4	119947264	121257984	fold0	0.2172876485697528
chr5	45836288	47147008	fold0	0.12644070108031824
chrX	45012992	46323712	fold0	0.15604825899359712
chr5	97466368	98777088	fold0	0.24722564597182625
chr5	101726208	103036928	fold0	0.16172470373000353
chr5	87232512	88543232	fold0	0.2632514101369978
chr3	125001728	126312448	fold0	0.0962400751130212
chr5	83955712	85266432	fold0	-0.018133436366625386
chr3	156694528	158005248	fold0	0.3134560550533249
chr6	60573696	61884416	fold0	0.16197267438380222
chr4	149088256	150398976	fold0	0.07284297858615071
chr5	52062208	53372928	fold0	0.3010286612061126
chr11	65921024	67231744	fold0	0.21553772216783937
chr3	145225728	146536448	fold0	0.12417643450010703
chr3	106110976	107421696	fold0	0.09912252075660959
chr3	125984768	127295488	fold0	0.12468307070867667
chr5	76419072	77729792	fold0	0.27650394588168287
chr3	51140608	52451328	fold0	0.2792023130884404
chr3	110698496	112009216	fold0	-0.01798207175478807
chr5	73142272	74452992	fold0	0.25827039607035635
chr4	123195392	124506112	fold0	0.23787299465573367
chr4	138493952	139804672	fold0	0.2256842247394499
chrX	22358016	23668736	fold0	0.10442164816911695
chr4	102170624	103481344	fold0	0.20772207865258965
chr3	54417408	55728128	fold0	0.2845185292473955
chr3	127623168	128933888	fold0	0.1176481477383644
chr4	131612672	132923392	fold0	0.09444491901199033
chr4	131284992	132595712	fold0	0.15247207446824512
chr4	101515264	102825984	fold0	0.18877938606018982
chr3	51795968	53106688	fold0	0.3927172118418338
chr3	82317312	83628032	fold0	0.2705382714288328
chr19	9709568	11020288	fold0	0.2528982425415923
chr5	44197888	45508608	fold0	0.07994021954122199
chr3	109715456	111026176	fold0	0.1328804692057363
chr3	111353856	112664576	fold0	0.113285358918092
chr3	124018688	125329408	fold0	0.10462029136747979
chr5	81334272	82644992	fold0	0.16644366724191675
chr5	102709248	104019968	fold0	0.154518446868682
chrX	58757120	60067840	fold0	0.17737905559856396
chr11	64937984	66248704	fold0	0.2529405913532678
chr4	127782912	129093632	fold0	0.15959566247399065
chr5	81989632	83300352	fold0	0.06789657573778429
chr1	40415232	41725952	fold0	0.1488130782903628
chrX	58429440	59740160	fold0	0.15784683196338228
chrX	45668352	46979072	fold0	0.046869435148844764
chr11	64282624	65593344	fold0	0.2205865478938419
chr1	42708992	44019712	fold0	0.2699854695442497
chr5	48785408	50096128	fold0	0.09096567956985878
chr3	155056128	156366848	fold0	0.09625764362623457
chr3	143587328	144898048	fold0	0.19826911381566942
chr5	47474688	48785408	fold0	0.22891617726469835
chr3	108732416	110043136	fold0	0.1907486001358784
chr5	34467840	35778560	fold0	0.18403540662845985
chr5	84611072	85921792	fold0	0.05319003590182506
chr3	105455616	106766336	fold0	0.16708733900343145
chr5	97794048	99104768	fold0	0.17144017147208973
chr5	100087808	101398528	fold0	0.19544614456814385
chrX	60395520	61706240	fold0	0.030334386362215138
chr4	147777536	149088256	fold0	0.1382330618094925
chr6	63522816	64833536	fold0	0.10105614587151343
chr4	128110592	129421312	fold0	0.18791673034563774
chr4	139804672	141115392	fold0	0.2276619947460418
chr5	74452992	75763712	fold0	0.2591237036834267
chr3	140965888	142276608	fold0	0.2595468508935658
chr1	42053632	43364352	fold0	0.204011518494087
chr5	82644992	83955712	fold0	0.2771215549334571
chr4	133578752	134889472	fold0	0.056908845529354074
chr3	55072768	56383488	fold0	0.12803566151389603
chr3	119758848	121069568	fold0	0.15389533765654523
chr19	10037248	11347968	fold0	0.24903414112656597
chr19	3485696	4796416	fold0	0.102902191687735
chr4	134561792	135872512	fold0	0.23790722937512906
chr5	83628032	84938752	fold0	0.04814900416821563
chr5	96155648	97466368	fold0	0.44799794698921946
chr4	106430464	107741184	fold0	0.3235199698212025
chrX	58101760	59412480	fold0	0.18781419064341315
chr5	53700608	55011328	fold0	0.19369050534178905
chr5	102053888	103364608	fold0	0.10658035651958235
chr4	139476992	140787712	fold0	0.1958926924493255
chr3	126967808	128278528	fold0	0.2564313244752829
chr4	109707264	111017984	fold0	0.18036706732365435
chr3	150468608	151779328	fold0	0.09722813565543895
chr1	41725952	43036672	fold0	0.22304262065298847
chr5	85921792	87232512	fold0	0.14238765473294546
chr7	62355456	63666176	fold0	0.18608738850691545
chr11	69853184	71163904	fold0	0.15351204818366454
chr5	78057472	79368192	fold0	0.025531273035796817
chr5	60909568	62220288	fold0	0.02590826198009095
chr11	64610304	65921024	fold0	0.3175606700188934
chr4	116342784	117653504	fold0	0.21096091509873263
chr5	67463168	68773888	fold0	0.16875061196258603
chr4	105775104	107085824	fold0	0.28189199689866556
chr5	75436032	76746752	fold0	0.21261557881389892
chr11	68542464	69853184	fold0	0.2634858817314721
chr1	43036672	44347392	fold0	0.19859054287060846
chr11	72605696	73916416	fold0	0.2446761063066017
chr3	121069568	122380288	fold0	0.15006006162546645
chr3	43272192	44582912	fold0	0.06956223255193206
chr3	148502528	149813248	fold0	0.25108602297446236
chr3	144242688	145553408	fold0	0.09728680191631127
chr3	137689088	138999808	fold0	0.23108964054919381
chr3	151779328	153090048	fold0	0.3532850559871287
chr4	96888832	98199552	fold0	0.21719177097049194
chrX	59084800	60395520	fold0	0.15249806537609573
chr5	70848512	72159232	fold0	0.04733678882290559
chr3	139655168	140965888	fold0	0.1048616120216507
chr4	95250432	96561152	fold0	0.015537975339193296
chrX	42391552	43702272	fold0	0.2523622754141966
chr11	63954944	65265664	fold0	0.23196921201351278
chr5	50751488	52062208	fold0	-0.02967101784539013
chr3	142604288	143915008	fold0	0.09789256037120828
chr3	101195776	102506496	fold0	0.19505160453277098
chr6	63195136	64505856	fold0	0.09215894357569013
chr5	71176192	72486912	fold0	0.18658546192108977
chr5	67135488	68446208	fold0	0.13463945853860007
chr1	37793792	39104512	fold0	0.2882591384824217
chrX	41736192	43046912	fold0	0.19252588871712
chr5	65824768	67135488	fold0	0.07396150670105736
chr4	108396544	109707264	fold0	0.1240858481795689
chr3	114515968	115826688	fold0	0.08351055980728936
chr4	110690304	112001024	fold0	0.09360424405010441
chr3	151123968	152434688	fold0	0.21646841848035786
chr5	100743168	102053888	fold0	0.2811106394516198
chr4	123850752	125161472	fold0	0.41751058349269166
chr4	118636544	119947264	fold0	0.15747556313886557
chr6	62212096	63522816	fold0	0.17754716554126188
chr3	81006592	82317312	fold0	0.17636614750484905
chr5	39938048	41248768	fold0	0.08608327731785645
chr5	73797632	75108352	fold0	0.17646417053423222
chr5	43870208	45180928	fold0	0.22839946623125815
chr3	47204352	48515072	fold0	0.06095589557012512
chr5	147871744	149182464	fold0	0.3352282812771581
chr3	122707968	124018688	fold0	0.11617326642517568
chrX	45996032	47306752	fold0	0.0363235115297734
chr4	151709696	153020416	fold0	0.2781101372962544
chr11	71950336	73261056	fold0	0.1655514192811835
chr3	126312448	127623168	fold0	0.16653436844574812
chr5	46163968	47474688	fold0	0.05985904657709859
chr3	82644992	83955712	fold0	0.2864921229041772
chr5	50423808	51734528	fold0	0.04149537009312432
chrX	51566592	52877312	fold0	0.217434751130221
chr4	137183232	138493952	fold0	0.22255811103267317
chr11	74244096	75554816	fold0	0.2619057445096604
chr4	116670464	117981184	fold0	0.275159322692419
chr5	44853248	46163968	fold0	0.13347619411925596
chr3	146864128	148174848	fold0	0.05095575378538998
chr5	49113088	50423808	fold0	0.12689821638968596
chr4	107085824	108396544	fold0	0.37337358745558524
chr19	4796416	6107136	fold0	0.15009282874608756
chr3	132773888	134084608	fold0	0.2336892017053663
chr3	120741888	122052608	fold0	0.10232374165609578
chr5	34140160	35450880	fold0	0.255132553096934
chr5	53045248	54355968	fold0	0.22181905704003138
chr5	149182464	150493184	fold0	0.12692164045682935
chr4	95905792	97216512	fold0	0.11548019455232225
chr5	40593408	41904128	fold0	0.013152227289772294
chr4	103809024	105119744	fold0	0.1547553947431544
chr3	133756928	135067648	fold0	0.24398239540772723
chr5	37316608	38627328	fold0	0.28384957203796995
chr3	100212736	101523456	fold0	0.17746820519362108
chr3	104800256	106110976	fold0	0.28635868039066986
chr3	121724928	123035648	fold0	0.19852555621144216
chr5	57305088	58615808	fold0	0.2624685875892561
chr3	41961472	43272192	fold0	0.025490127878362193
chr5	62875648	64186368	fold0	0.20028664024387974
chr4	133906432	135217152	fold0	0.17486245977476086
chr3	41306112	42616832	fold0	0.17772178615469836
chr3	154728448	156039168	fold0	0.15045145765896709
chr5	69537792	70848512	fold0	0.0888366897555364
chr5	77402112	78712832	fold0	0.07844868540643928
chr3	54745088	56055808	fold0	0.1601212241924939
chr5	89853952	91164672	fold0	0.25588724645234406
chrX	46979072	48289792	fold0	0.16666190029500233
chr4	97871872	99182592	fold0	0.15002435096693736
chrX	42063872	43374592	fold0	0.23150821351110984
chr6	62539776	63850496	fold0	0.1994834107285769
chr4	109051904	110362624	fold0	0.15664657299425136
chr6	58935296	60246016	fold0	0.1025598663191105
chr5	100415488	101726208	fold0	0.11712914522424141
chr4	102825984	104136704	fold0	0.21658743671046712
chr3	38086656	39397376	fold0	0.35214386341198234
chrX	40753152	42063872	fold0	0.1712356703598972
chrX	48289792	49600512	fold0	0.19294451671955315
chr3	133101568	134412288	fold0	0.27377758669506097
chr3	127950848	129261568	fold0	0.13755039479646405
chr5	72159232	73469952	fold0	0.16482150739085258
chr4	100204544	101515264	fold0	0.1935433507570278
chr3	137033728	138344448	fold0	0.21328932164066045
chr6	64833536	66144256	fold0	0.21773155656944215
chr5	74780672	76091392	fold0	0.2390662514292963
chr4	110034944	111345664	fold0	0.06561248424896962
chr3	102506496	103817216	fold0	0.20350241330438992
chr3	114188288	115499008	fold0	0.1213467211115697
chr3	118448128	119758848	fold0	0.08312920578059242
chr5	79040512	80351232	fold0	0.011200231010107028
chr1	39432192	40742912	fold0	0.1032389777045894
chr4	103153664	104464384	fold0	0.06987672678278463
chr4	149415936	150726656	fold0	0.15613575698519835
chr3	148174848	149485568	fold0	0.30391985358838697
chr4	97544192	98854912	fold0	0.29131410487475384
chr4	119619584	120930304	fold0	0.24343591463258193
chr5	98121728	99432448	fold0	0.14453902611174002
chr5	90509312	91820032	fold0	0.06863658231953448
chr3	143915008	145225728	fold0	0.13861583124610355
chr5	41248768	42559488	fold0	0.31384778382815964
chr5	91492352	92803072	fold0	0.13125355133468586
chr3	117792768	119103488	fold0	0.14751801109097315
chrX	59740160	61050880	fold0	0.0669951115483456
chr3	144898048	146208768	fold0	0.3202723755540097
chrX	48945152	50255872	fold0	0.18891427423850432
chr4	101187584	102498304	fold0	0.21010676600595485
chr3	117137408	118448128	fold0	0.16258908794624988
chr11	75554816	76865536	fold0	0.2881987427548339
chr5	59271168	60581888	fold0	0.0815477038740564
chr5	88543232	89853952	fold0	0.19930768292653184
chr5	84938752	86249472	fold0	0.278594462563225
chr4	130629632	131940352	fold0	0.25721323367249116
chr5	82317312	83628032	fold0	0.21295389035341658
chr3	45238272	46548992	fold0	0.05553983916559009
chr3	113532928	114843648	fold0	0.055749556634609086
chr3	106766336	108077056	fold0	0.14646531670631666
chr5	76746752	78057472	fold0	0.21229893824544227
chrX	35702784	37013504	fold0	0.2254634690597512
chr19	5124096	6434816	fold0	0.09967109906803444
chr5	35123200	36433920	fold0	0.18533883729730097
chr3	81989632	83300352	fold0	0.3254642277505588
chr1	38449152	39759872	fold0	0.33118829910819675
chr3	53106688	54417408	fold0	0.32887603198299825
chr3	131790848	133101568	fold0	0.26123172401958394
chr5	62547968	63858688	fold0	0.15148594599088927
chr5	46491648	47802368	fold0	0.05463082465707495
chr3	52123648	53434368	fold0	0.1995272419175192
chr11	71622656	72933376	fold0	0.13849393227752102
chr5	58615808	59926528	fold0	0.04977949270186595
chr6	64178176	65488896	fold0	0.33852387043422205
chr5	75108352	76419072	fold0	0.229832606320666
chr5	148854784	150165504	fold0	0.1988913592773982
chr5	33484800	34795520	fold0	0.2678176837355235
chr1	38776832	40087552	fold0	0.16638558444730572
chr3	150140928	151451648	fold0	0.11259473929581613
chr5	39610368	40921088	fold0	0.06884660049653366
chrX	56791040	58101760	fold0	0.21863510701749997
chr4	135544832	136855552	fold0	0.2171137189113879
chr4	122540032	123850752	fold0	0.2359857672154443
chrX	47962112	49272832	fold0	0.21243034871226216
chr5	48457728	49768448	fold0	0.030897631488054293
chr5	76091392	77402112	fold0	0.3229150684332808
chr19	4468736	5779456	fold0	0.15485894552121807
chr3	38742016	40052736	fold0	0.13451960972118135
chrX	57446400	58757120	fold0	0.2904327525439257
chr4	104792064	106102784	fold0	0.3239305315166833
chr3	138016768	139327488	fold0	0.3135976740802246
chr3	119431168	120741888	fold0	0.15577484267555697
chr5	61564928	62875648	fold0	0.17102151065886323
chr5	90181632	91492352	fold0	0.12443941379599563
chr4	100532224	101842944	fold0	0.11085729891004768
chrX	42719232	44029952	fold0	0.19350045057492551
chr11	69525504	70836224	fold0	0.15454110069862728
chr5	51734528	53045248	fold0	0.3034332756959079
chr3	124346368	125657088	fold0	0.015730771578501182
chr7	62683136	63993856	fold0	0.10802514212445627
chr4	107413504	108724224	fold0	0.3736712831574762
chr4	104464384	105775104	fold0	0.19320061626297017
chr3	146208768	147519488	fold0	0.2447163615787486
chr5	55011328	56322048	fold0	0.10711317073821384
chr5	64186368	65497088	fold0	0.32284436254795523
chr3	109060096	110370816	fold0	0.22318307334175624
chr4	140460032	141770752	fold0	0.24264472929790087
chr4	154658816	155969536	fold0	0.19860513979656638
chr5	67790848	69101568	fold0	0.1698703257647021
chr19	4141056	5451776	fold0	0.13259995857223328
chr4	101842944	103153664	fold0	0.12137983208385514
chr5	66807808	68118528	fold0	0.16109431860637527
chr5	58943488	60254208	fold0	0.07806399962938758
chr3	38414336	39725056	fold0	0.360833245914379
chr5	84283392	85594112	fold0	0.047042971913211225
chr1	39759872	41070592	fold0	0.18673819151623822
chr3	137361408	138672128	fold0	0.2597182764707046
chr1	41070592	42381312	fold0	0.05531618713405081
chr11	67887104	69197824	fold0	0.2711555798873981
chr5	71503872	72814592	fold0	0.16401130216327833
chr3	145553408	146864128	fold0	0.16156411392395112
chr5	75763712	77074432	fold0	0.33124026947486834
chr3	42944512	44255232	fold0	0.07740015951293742
chr5	77729792	79040512	fold0	0.056814499830057166
chr6	65488896	66799616	fold0	0.1968478839169858
chr3	123691008	125001728	fold0	0.03535055346729595
chr4	110362624	111673344	fold0	0.0841441761628346
chr3	115826688	117137408	fold0	0.32147921429632426
chr4	150071296	151382016	fold0	0.23818432791285266
chr3	96389120	97699840	fold0	0.25404473033540925
chr5	54028288	55339008	fold0	0.04931251379488452
chr3	46221312	47532032	fold0	0.19236234573870234
chr3	142931968	144242688	fold0	0.08853724906765706
chr4	153020416	154331136	fold0	0.27321696825186265
chr1	39104512	40415232	fold0	0.15834482420713142
chr3	52779008	54089728	fold0	0.30580256502246816
chr3	36775936	38086656	fold0	0.08167034289560321
chr3	139327488	140638208	fold0	0.1065427375647504
chr5	74125312	75436032	fold0	0.282981915057356
chr3	156039168	157349888	fold0	0.1577171807725359
chr4	151382016	152692736	fold0	0.31494223192487997
chr3	136378368	137689088	fold0	0.2771829796606122
chr5	34795520	36106240	fold0	0.12933398880592453
chr3	158005248	159315968	fold0	0.12407038259815124
chr3	37758976	39069696	fold0	0.3073726467707402
chr5	55994368	57305088	fold0	0.019558002144926718
chr19	11347968	12658688	fold0	0.10680684482896703
chr11	71294976	72605696	fold0	0.13275185761259164
chr3	99885056	101195776	fold0	0.07966384762877285
chr3	103161856	104472576	fold0	0.4649644154883162
chr19	3158016	4468736	fold0	0.07705132756210234
chr4	137510912	138821632	fold0	0.24690319834095603
chr7	62027776	63338496	fold0	0.027001911001386544
chr3	131463168	132773888	fold0	0.16215692562121878
chr4	149743616	151054336	fold0	0.2308255513345346
chr5	103036928	104347648	fold0	0.18065166612969294
chr5	89526272	90836992	fold0	0.3286680381953722
chr3	148830208	150140928	fold0	0.1694224073332341
chr3	149157888	150468608	fold0	0.11928322093131533
chr5	36988928	38299648	fold0	0.18086497059937
chr3	134084608	135395328	fold0	0.2921119367216614
chr5	64841728	66152448	fold0	0.1677397505246008
chr5	70520832	71831552	fold0	0.06259169976758891
chr3	145881088	147191808	fold0	0.18674858839619474
chr5	41576448	42887168	fold0	0.2917449214326787
chr11	72278016	73588736	fold0	0.26822758017243975
chr4	125161472	126472192	fold0	0.15245708457914928
chr19	10364928	11675648	fold0	0.1760349659614133
chr1	36483072	37793792	fold0	0.1824739692275993
chr3	54089728	55400448	fold0	0.30287326360873357
chr3	44582912	45893632	fold0	0.2703280435840289
chr3	96716800	98027520	fold0	0.21074224190844845
chr3	142276608	143587328	fold0	0.24966942656461535
chrX	47306752	48617472	fold0	0.21070234156122372
chr3	132118528	133429248	fold0	0.14074686537005573
chr3	122052608	123363328	fold0	0.18229682157304394
chr5	46819328	48130048	fold0	0.06427031699978165
chr4	127127552	128438272	fold0	0.2911875592116236
chr3	110043136	111353856	fold0	0.028442787314932473
chr4	100859904	102170624	fold0	0.1738245545528355
chr5	54355968	55666688	fold0	0.029721629364708117
chr4	134234112	135544832	fold0	0.30448512161367847
chr3	113860608	115171328	fold0	0.06197374002745323
chr4	117981184	119291904	fold0	0.20401250744507088
chr4	133251072	134561792	fold0	0.041674766769473875
chr6	64505856	65816576	fold0	0.31739889358045353
chr1	38121472	39432192	fold0	0.35730070811958714
chr5	98449408	99760128	fold0	0.24893298181915893
chr3	101851136	103161856	fold0	0.15933112041692152
chr4	122867712	124178432	fold0	0.29429006089258675
chr5	52389888	53700608	fold0	0.19032913252969388
chr5	57960448	59271168	fold0	0.07173436364007785
chr4	137838592	139149312	fold0	0.23766457582786937
chr4	153675776	154986496	fold0	0.31996430500450956
chr4	148105216	149415936	fold0	0.26645824505224636
chr3	136706048	138016768	fold0	0.060146815385107286
chr5	86904832	88215552	fold0	0.09135166735563628
chr4	123523072	124833792	fold0	0.3029836323924562
chr3	139982848	141293568	fold0	0.037280942716132734
chr3	88829952	90140672	fold0	0.2224083024021044
chr5	43214848	44525568	fold0	0.06795302416187991
chr3	102178816	103489536	fold0	0.14680259209010713
chr3	150796288	152107008	fold0	0.17812054038302652
chr3	36448256	37758976	fold0	0.10288652700092375
chr11	75227136	76537856	fold0	0.3261185736897158
chr5	91164672	92475392	fold0	0.2658463868824151
chr4	135217152	136527872	fold0	0.1551020728437615
chr5	51079168	52389888	fold0	0.24573288666904275
chr4	117325824	118636544	fold0	0.11973307901131594
chr5	42231808	43542528	fold0	0.3149266960576046
chr3	99229696	100540416	fold0	0.08941300904297352
chr4	124833792	126144512	fold0	0.1870003600780474
chr4	126144512	127455232	fold0	0.20893743198236123
chr3	118775808	120086528	fold0	0.2040807185948043
chr4	107741184	109051904	fold0	0.2580653681909373
chr3	147519488	148830208	fold0	0.005626762965196177
chr4	150726656	152037376	fold0	0.3271439266053739
chr3	129916928	131227648	fold0	0.10189656920425556
chr6	58607616	59918336	fold0	0.19220161157356397
chr3	157677568	158988288	fold0	0.36429531908737206
chr4	95578112	96888832	fold0	0.08134570452725311
chr5	63531008	64841728	fold0	0.16227339940524693
chr3	87519232	88829952	fold0	0.1357720413895537
chr11	73916416	75227136	fold0	0.28150411705852496
chrX	40425472	41736192	fold0	-0.032488118954258224
chr4	132268032	133578752	fold0	0.20151865398426916
chr5	77074432	78385152	fold0	0.18936877314523198
chr3	37103616	38414336	fold0	0.2863765020597266
chr11	75882496	77193216	fold0	0.16835327467838274
chr1	42381312	43692032	fold0	0.16280894306053847
chr3	49170432	50481152	fold0	0.12571135513883716
chr3	103817216	105127936	fold0	0.25871030651890065
chr3	125329408	126640128	fold0	0.21025253371052127
chr5	87560192	88870912	fold0	0.1794749372125902
chr3	151451648	152762368	fold0	0.21119844779808414
chr4	125489152	126799872	fold0	0.18231453378917334
chr5	40265728	41576448	fold0	0.004014082641931682
chr5	62220288	63531008	fold0	0.12449405464364637
chr5	42887168	44197888	fold0	0.14858420656614985
chr3	116154368	117465088	fold0	0.29426769277605314
chr5	72814592	74125312	fold0	0.199663787077617
chr6	61229056	62539776	fold0	0.18869680927427634
chr5	146561024	147871744	fold0	0.2963583697645722
chr3	115499008	116809728	fold0	0.2957103253846816
chr3	99557376	100868096	fold0	0.01996673039181128
chrX	63344640	64655360	fold0	0.1757659493317833
chr3	147847168	149157888	fold0	0.15234568111916563
chr5	49768448	51079168	fold0	0.18017630661791284
chr3	147191808	148502528	fold0	-0.03408719519224151
chr5	47147008	48457728	fold0	0.15224799855988538
chr5	79368192	80678912	fold0	-0.0010772053534428517
chr3	154073088	155383808	fold0	0.3236381676702154
chr7	63010816	64321536	fold0	0.08029685301211541
chr3	123363328	124674048	fold0	0.1197578767289183
chr4	136855552	138166272	fold0	0.15582157406590066
chr4	135872512	137183232	fold0	0.20783361282639265
chr3	106438656	107749376	fold0	0.1301055593910624
chr5	54683648	55994368	fold0	0.12128520295197717
chr5	99760128	101070848	fold0	0.1934879510550431
chr3	124674048	125984768	fold0	0.022741796722129132
chr3	136050688	137361408	fold0	0.29656559692813494
chr3	104144896	105455616	fold0	0.2207640049768115
chrX	39770112	41080832	fold0	-0.023892499958298674
chr3	140310528	141621248	fold0	0.07235056284358415
chr5	81006592	82317312	fold0	0.15739641144002373
chr5	68118528	69429248	fold0	0.18406841899646598
chr5	47802368	49113088	fold0	0.26129474667002944
chr3	81334272	82644992	fold0	0.1402690664958032
chr3	141293568	142604288	fold0	0.3003085953808098
chr3	92293120	93603840	fold0	0.1527693993071327
chr5	63858688	65169408	fold0	0.2889272522213415
chr6	66144256	67454976	fold0	0.2608457706017651
chr3	55400448	56711168	fold0	0.15954412218055283
chr5	78712832	80023552	fold0	-0.00885555718103261
chr5	66480128	67790848	fold0	0.21813699514411708
chr19	11020288	12331008	fold0	-0.011242445729977159
chr3	100868096	102178816	fold0	0.11839655456764393
chr4	102498304	103809024	fold0	0.2539642886467062
chr3	132446208	133756928	fold0	0.1457225104762171
chr5	61237248	62547968	fold0	-0.043971361738309574
chr5	79695872	81006592	fold0	0.04653718543939916
chr1	40087552	41398272	fold0	0.0929891517243402
chr3	98902016	100212736	fold0	0.07590795791666757
chr3	48842752	50153472	fold0	0.0775976182329395
chr5	37644288	38955008	fold0	0.2044048120528651
chr3	89157632	90468352	fold0	0.3314485526903914
chr4	117653504	118964224	fold0	0.2125413314703954
chr3	114843648	116154368	fold0	0.12928438293614153
chr3	44255232	45565952	fold0	0.20836646546472412
chr5	60254208	61564928	fold0	0.04141238862592723
chr3	138999808	140310528	fold0	0.1528931445592056
chr3	129261568	130572288	fold0	0.05715776681290055
chr4	120274944	121585664	fold0	0.19550737099964285
chr6	63850496	65161216	fold0	0.32455628972647393
chr3	157022208	158332928	fold0	0.34291178207321066
chr3	144570368	145881088	fold0	0.203983409592468
chr4	119291904	120602624	fold0	0.29363889497839213
chr3	48515072	49825792	fold0	0.0931923616715759
chr3	108077056	109387776	fold0	0.18127600708920394
chr4	127455232	128765952	fold0	0.2565614487581518
chr4	124178432	125489152	fold0	0.22680482821890574
chr5	53372928	54683648	fold0	0.22713516121629415
chr3	52451328	53762048	fold0	0.2865581800104241
chr5	99104768	100415488	fold0	0.37091953166238345
chr7	61372416	62683136	fold0	-0.06539289034671919
chr4	116998144	118308864	fold0	0.2811799583892028
chr3	155711488	157022208	fold0	0.14576282205984142
chr3	47532032	48842752	fold0	0.01427868513102912
chr3	135395328	136706048	fold0	0.21097374615889733
chr5	148199424	149510144	fold0	0.23473499140219364
chr3	146536448	147847168	fold0	0.08479159497674736
chr5	56649728	57960448	fold0	0.33913678631863514
chr3	36120576	37431296	fold0	0.1204516103148611
chr3	122380288	123691008	fold0	0.12330456220254886
chr4	98527232	99837952	fold0	0.18481283460087114
chr6	62867456	64178176	fold0	0.16722364493120176
chr3	44910592	46221312	fold0	0.16009708537012896
chr4	105119744	106430464	fold0	0.14705671157954944
chr4	153348096	154658816	fold0	0.3023831133655938
chr3	53762048	55072768	fold0	0.289646724410136
chr4	126799872	128110592	fold0	0.2667920484035406
chr4	152365056	153675776	fold0	0.22400710138364083
chr3	134739968	136050688	fold0	0.06028781690653503
chr3	128933888	130244608	fold0	0.09570416032858799
chrX	47634432	48945152	fold0	0.23764491446683325
chr4	125816832	127127552	fold0	0.21312035636055518
chr5	85594112	86904832	fold0	0.3858194204028528
chr4	152692736	154003456	fold0	0.24258315899536254
chrX	41080832	42391552	fold0	0.14975210089923832
chr5	83300352	84611072	fold0	0.16930991506228593
chr4	94922752	96233472	fold0	0.1479329523367763
chr5	97138688	98449408	fold0	0.1365435392244373
chr1	40742912	42053632	fold0	0.07359465837570088
chr5	38627328	39938048	fold0	0.09128023461099867
chr3	135723008	137033728	fold0	0.19187824016173016
chr4	138821632	140132352	fold0	0.1739337986833142
chr3	53434368	54745088	fold0	0.16833370792972077
chr3	42289152	43599872	fold0	0.0873011769311149
chr4	132923392	134234112	fold0	0.20059145586688143
chr4	98199552	99510272	fold0	0.13565474962017798
chr3	133429248	134739968	fold0	0.18045909756092388
chr3	45565952	46876672	fold0	0.03151528566679036
chrX	60723200	62033920	fold0	0.0687796455281965
chr5	65497088	66807808	fold0	0.25980102208636885
chr5	44525568	45836288	fold0	0.25406194344911337
chr1	37466112	38776832	fold0	0.2587477261269609
chr3	149485568	150796288	fold0	0.10079157876081239
chr5	65169408	66480128	fold0	0.20411020069367355
chr4	97216512	98527232	fold0	0.2934327412109564
chr3	103489536	104800256	fold0	0.37420353980795534
chr5	58288128	59598848	fold0	0.07957823336601387
chr5	33812480	35123200	fold0	0.16525835204278352
chr5	147216384	148527104	fold0	0.23929478719073877
chr3	101523456	102834176	fold0	0.21275249003048896
chr11	68870144	70180864	fold0	0.19507232302395058
chr5	45180928	46491648	fold0	0.3238737626883885
chrX	22685696	23996416	fold0	0.08249116190517163
chr6	61556736	62867456	fold0	0.10223478427880515
chr4	152037376	153348096	fold0	0.2595210462151098
chr4	118308864	119619584	fold0	0.17071529742431626
chr5	80023552	81334272	fold0	0.1632085909836743
chr3	135067648	136378368	fold0	0.18098288573577068
chr3	141948928	143259648	fold0	0.17091228281940798
chr4	130957312	132268032	fold0	0.17242922230814522
chr4	136200192	137510912	fold0	0.2907846322747415
chr3	128278528	129589248	fold0	0.08804962166416055
chr4	126472192	127782912	fold0	0.352267026545816
chr5	59926528	61237248	fold0	0.05415256005889365
chr3	111026176	112336896	fold0	0.015435374583597823
chr5	38299648	39610368	fold0	0.3007536439415047
chr4	154003456	155314176	fold0	0.2661855365090577
chrX	57118720	58429440	fold0	0.298336522646063
chr5	73469952	74780672	fold0	0.25002004659864113
chr5	88215552	89526272	fold0	0.21621562761026078
chr11	63299584	64610304	fold0	0.3593951435533003
chr5	70193152	71503872	fold0	0.05687614470966098
chr11	69197824	70508544	fold0	0.21482215045671965
chr3	138344448	139655168	fold0	0.33981739017602935
chr3	43927552	45238272	fold0	0.11190901143470981
chr3	105127936	106438656	fold0	0.3622012655402265
chr3	88502272	89812992	fold0	0.18490687709011155
chr4	96233472	97544192	fold0	0.07670833715851538
chr11	63627264	64937984	fold0	0.35071702001831945
chr4	140787712	142098432	fold0	0.1835253137477744
chrX	51238912	52549632	fold0	0.17106184690826237
chrX	56463360	57774080	fold0	0.2294036950965371
chr6	58279936	59590656	fold0	0.2129816249999277
chrX	40097792	41408512	fold0	-0.031362159331081024
chr5	37971968	39282688	fold0	0.2828652618781632
chr4	154331136	155641856	fold0	0.20436999319912938
chr3	50812928	52123648	fold0	0.3433523288994676
chr3	111681536	112992256	fold0	0.06497536808549094
chr3	110370816	111681536	fold0	0.01765921975075953
chr3	81661952	82972672	fold0	0.24208957184258637
chr4	134889472	136200192	fold0	0.19931329463580616
chr3	118120448	119431168	fold0	0.2187129580000227
chr11	74571776	75882496	fold0	0.209238603251704
chr3	107749376	109060096	fold0	0.23757987837149638
chr3	116809728	118120448	fold0	0.16055527368456285
chr1	36810752	38121472	fold0	0.09094127629917154
chr5	42559488	43870208	fold0	0.2973221493835455
chr5	149510144	150820864	fold0	0.2804357621731198
chr3	107094016	108404736	fold0	0.12691952186807118
chr5	60581888	61892608	fold0	0.008435833212722139
chr5	48130048	49440768	fold0	0.18294745513645014
chr19	3813376	5124096	fold0	0.1347535511055055
chr4	104136704	105447424	fold0	0.2515839681916908
chr5	91820032	93130752	fold0	0.09677283155778224
chr6	60901376	62212096	fold0	0.23795494532267067
chr6	65161216	66471936	fold0	0.16677905049949432
chr5	96483328	97794048	fold0	0.36866348978034463
chr3	51468288	52779008	fold0	0.43641553716826503
chr4	139149312	140460032	fold0	0.25531049100898073
chr3	143259648	144570368	fold0	0.24994852535927664
chr4	140132352	141443072	fold0	0.31226260319189253
chr3	94889984	96200704	fold0	0.18497040435946913
chr3	102834176	104144896	fold0	0.34403539639924224
chr5	98777088	100087808	fold0	0.4798760036088197
chr5	55339008	56649728	fold0	0.06707641507424408
chrX	50911232	52221952	fold0	0.25952528722253576
chr3	153090048	154400768	fold0	0.18869502568288185
chr11	68214784	69525504	fold0	0.23000215662961462
chr5	51406848	52717568	fold0	0.34559533385095614
chr11	74899456	76210176	fold0	0.3395877052823346
chr6	61884416	63195136	fold0	0.11353837221350274
chr5	56322048	57632768	fold0	0.1143047576223362
chrX	60067840	61378560	fold0	0.12272434213280313
chr1	37138432	38449152	fold0	0.2300665653335818
chr3	155383808	156694528	fold0	0.0896980459138038
chr5	40921088	42231808	fold0	0.2682771710512238
chr3	127295488	128606208	fold0	0.24343575415847407
chr3	156366848	157677568	fold0	0.25830901388410027
chr3	48187392	49498112	fold0	0.07487402559871649
chr5	81661952	82972672	fold0	0.1542143388719208
chr5	149837824	151148544	fold0	0.2129068696217692
chr5	61892608	63203328	fold0	0.19274473738260914
chr4	142098432	143409152	fold0	0.11759170321688535
chr3	121397248	122707968	fold0	0.1765487946809932
chrX	50255872	51566592	fold0	0.12731355546591702
chr5	80351232	81661952	fold0	0.1959393227745917
chr5	88870912	90181632	fold0	0.05444175034078447
chr11	65593344	66904064	fold0	0.12299049709868617
chr5	96811008	98121728	fold0	0.41275693150377674
chr3	109387776	110698496	fold0	0.11807577246471261
chr4	106758144	108068864	fold0	0.285169231669223
chr3	141621248	142931968	fold0	0.22237211030277013
chr3	128606208	129916928	fold0	0.14839553850743786
chr3	47859712	49170432	fold0	0.05309519254976679
chr4	148760576	150071296	fold0	0.28339257177464283
chr5	72486912	73797632	fold0	0.1069987742586418
chr4	138166272	139476992	fold0	0.34374854828544993
chr3	46548992	47859712	fold0	0.1524507837697998
chr3	40650752	41961472	fold0	0.17153424542700266
chr4	115687424	116998144	fold0	0.36250233230351975
chrX	48617472	49928192	fold0	0.15379922567621893
chr5	89198592	90509312	fold0	0.22738201237926525
chr5	49440768	50751488	fold0	0.15290712260137035
chrX	50583552	51894272	fold0	0.17619679384154902
chrX	46323712	47634432	fold0	0.06733382840236377
chr5	90836992	92147712	fold0	0.2253145483276301
chr3	129589248	130899968	fold0	0.16644070632479904
chr3	39069696	40380416	fold0	0.015319437254433176
chr4	103481344	104792064	fold0	0.038829084684689485
chr3	153745408	155056128	fold0	0.3530601612039647
chr4	132595712	133906432	fold0	0.18034478382811342
chr5	64514048	65824768	fold0	0.3087616408189927
chrX	56135680	57446400	fold0	0.20775928100032454
chr4	108724224	110034944	fold0	0.10780620240550559
chr5	39282688	40593408	fold0	0.12012236543004409
chr3	97044480	98355200	fold0	0.2108209446493857
chr4	108068864	109379584	fold0	0.24548581775048106
chr4	136527872	137838592	fold0	0.2224681411375777
chr11	73588736	74899456	fold0	0.34599374586993087
chr5	50096128	51406848	fold0	0.1425420496727372
chr3	134412288	135723008	fold0	0.2533525926215218
chr5	148527104	149837824	fold0	0.13998952162190317
chr6	60246016	61556736	fold0	0.17184703895505848
chr3	125657088	126967808	fold0	0.2150892431760946
chr4	151054336	152365056	fold0	0.3653297977936056
chr4	99876864	101187584	fold0	0.2500436079879412
chr3	120414208	121724928	fold0	0.1499051762517362
chr4	96561152	97871872	fold0	0.05714863290048248
chr4	150398976	151709696	fold0	0.24083826006161926
chr5	66152448	67463168	fold0	0.13182801515402107
chr4	118964224	120274944	fold0	0.28340020887662676
chr3	120086528	121397248	fold0	0.08810151726829842
chr3	117465088	118775808	fold0	0.12567893198059155
chr5	85266432	86577152	fold0	0.36079405488227756
chr4	128438272	129748992	fold0	0.2266481515871381
chr3	41633792	42944512	fold0	0.08696962419653993
chr3	126640128	127950848	fold0	0.1273462792837995
chr3	119103488	120414208	fold0	0.18939257198668388
chr5	101398528	102709248	fold0	0.262805119851346
chr5	147544064	148854784	fold0	0.3363911410085653
chr5	80678912	81989632	fold0	0.21314619783329322
chr3	40978432	42289152	fold0	0.20356650839305654
chr11	65265664	66576384	fold0	0.26437985862790964
chr5	99432448	100743168	fold0	0.26253471392066025
chr5	82972672	84283392	fold0	0.2589256259605379
chrX	41408512	42719232	fold0	0.19580154580363493
chr3	107421696	108732416	fold0	0.23086812612116844
chr3	116482048	117792768	fold0	0.2718546228865908
chr5	71831552	73142272	fold0	0.12849439612386962
chr3	153417728	154728448	fold0	0.1483235159005629
chr3	152762368	154073088	fold0	0.20084314282015062
chr5	41904128	43214848	fold0	0.07128449360634607
chr4	148432896	149743616	fold0	0.3776961842406158
chr5	36661248	37971968	fold0	0.28273973267222846
chr5	102381568	103692288	fold0	0.07205125189666534
chr5	69865472	71176192	fold0	0.02249114210894073
chr5	52717568	54028288	fold0	0.14762831472893626
chr3	46876672	48187392	fold0	0.16040225924387
chr3	43599872	44910592	fold0	0.02545371264350149
chr3	104472576	105783296	fold0	0.25687998718303356
chr11	66904064	68214784	fold0	0.32216442509465476
chr5	78385152	79695872	fold0	-0.0476629939219197
chrX	46651392	47962112	fold0	0.08219528591486323
chr11	66248704	67559424	fold0	0.2729926710411977
chr1	36155392	37466112	fold0	0.24744538841402472
chr4	141443072	142753792	fold0	0.29421200461294816
chr1	41398272	42708992	fold0	0.006967179343905714
chr5	59598848	60909568	fold0	0.00994533863410083
chr5	87887872	89198592	fold0	0.16699919200229857
chr5	150165504	151476224	fold0	0.3429907784041525
chr11	66576384	67887104	fold0	0.35810714924508574
chrX	57774080	59084800	fold0	0.11949737546209735
chr11	67559424	68870144	fold0	0.26230057564784803
chr3	100540416	101851136	fold0	0.15276101671548747
