chr	start	stop	type_v2	v1_MSE_0	v1_S_0	v1_MSE_1	v1_S_1	v1_MSE_2	v1_S_2	v1_MSE_3	v1_S_3	v1_MSE_4	v1_S_4	v1_MSE	v1_S
chr1	72345600	73394176	fold0	0.11079353	0.5229585681041924	0.15824217	0.6697140261651671	0.08600231	0.16565922326545343	0.11435471	0.3059993271315868	0.07061685	-0.0010303792248399744	0.10800191	0.3326601530883119
chr1	72869888	73918464	fold0	0.11008894	0.059306331270541614	0.1329981	0.20089711384320594	0.08137706	0.16343179046523373	0.12375301	0.011222067074565864	0.07054594	-0.004639132782070894	0.10375261	0.08604363397429525
chr1	73394176	74442752	fold0	0.11581431	0.15133562085272578	0.103476964	0.3768462498427481	0.07761873	0.30798477984701406	0.13768528	0.07238290707315302	0.14508878	-0.08932129522599468	0.115936816	0.1638456524779293
chr1	73918464	74967040	fold0	0.13460054	0.6555960339566826	0.09130602	0.798624441832601	0.07933594	0.5526690155333964	0.15657479	0.6926744947004636	0.089737445	0.5267645841918671	0.110310934	0.6452657140430021
chr1	74442752	75491328	fold0	0.20726655	0.5177663115874609	0.12610602	0.7568647392237714	0.090746306	0.6551301245561946	0.203806	0.5058929626368048	0.085412905	0.6126525243547377	0.14266756	0.6096613324717939
chr1	74967040	76015616	fold0	0.18646748	0.409268184533208	0.12859505	0.6682131556047248	0.08930496	0.5373951995390428	0.20325105	0.28942407633426587	0.08353753	0.521092833848897	0.1382312	0.48507868997202774
chr1	75491328	76539904	fold0	0.14043835	0.41412775823753994	0.16748972	0.6038374818635932	0.08225282	0.32382987533090385	0.15334766	0.40478481901583163	0.0930105	0.5245805155290056	0.1273078	0.4542320899953749
chr1	76015616	77064192	fold0	0.10636501	0.6438120354962081	0.074472465	0.5676128940794148	0.0517897	0.3876710571151519	0.10220127	0.35587854683408593	0.057188198	0.31305890835082084	0.07840333	0.45360668837513635
chr1	76539904	77588480	fold0	0.17578904	0.7882617401716464	0.082896195	0.7057789330850616	0.061424308	0.5078162318039516	0.14852566	0.7417658664477289	0.06625718	0.5568988011342668	0.106978476	0.660104314528531
chr1	109703168	110751744	fold0	0.18782775	0.7140680642547389	0.16316931	0.6763898114452765	0.14611518	0.5895869045568024	0.38490254	0.5415843302800619	0.10606312	0.6029045765433229	0.19761558	0.6249067374160405
chr1	110227456	111276032	fold0	0.17246158	0.6508080899756142	0.1462135	0.5153912295384274	0.119106434	0.3944915616893416	0.22345042	0.4476258079459338	0.09816536	0.602016181693259	0.15187947	0.5220665741685152
chr1	110751744	111800320	fold0	0.29669178	0.5509154645508201	0.15058719	0.5668735413962293	0.10165283	0.5743681472296497	0.20412338	0.5468178814369751	0.084883966	0.548336509916652	0.16758785	0.5574623089060651
chr1	111276032	112324608	fold0	0.28368703	0.5916564498670183	0.09414723	0.8065951407575707	0.26158142	0.5443678775641508	0.2845249	0.5458977733356888	0.08432888	0.6789354345560111	0.20165388	0.633490535216088
chr1	111800320	112848896	fold0	0.20334014	0.8117983323462374	0.09858804	0.8412466567856051	0.11425978	0.6890735098779517	0.2557479	0.7316555668472232	0.09460948	0.7554163847198075	0.15330908	0.7658380901153651
chr1	112324608	113373184	fold0	0.15346636	0.7813746574300227	0.16689807	0.6576009191430798	0.091743246	0.6941041091038053	0.17527775	0.7418958877213665	0.07833887	0.6496283993250378	0.13314486	0.7049207945446624
chr1	112848896	113897472	fold0	0.1582716	0.8182151834301982	0.14185275	0.763179026077539	0.07922787	0.8487766782053533	0.12719601	0.8118546018644117	0.076129675	0.7771364296374351	0.11653558	0.8038323838429875
chr1	113373184	114421760	fold0	0.13667706	0.7553215838844854	0.19269238	0.720107638091791	0.12901028	0.6253546935439952	0.17732495	0.7065024013145116	0.08833471	0.6213870082128506	0.14480786	0.6857346650095268
chr1	166064128	167112704	fold1	0.15736927	0.41251027401890766	0.15161483	0.6001388804241672	0.07796214	0.5471395171956532	0.18467417	0.2944027864582499	0.08047791	0.5179590032813811	0.13041966	0.4744300922756718
chr1	166588416	167636992	fold1	0.21351637	0.5902086953448873	0.28595325	0.4306438273736293	0.18946469	0.5395449017424931	0.27406836	0.4383378591169779	0.13882776	0.4053024767059735	0.22036609	0.48080755205679226
chr1	167112704	168161280	fold1	0.18532938	0.667901793418038	0.14489861	0.5034531629231654	0.08806225	0.594910809242518	0.20311032	0.6417106209120687	0.074564055	0.5728893613940734	0.13919291	0.5961731495779727
chr1	167636992	168685568	fold1	0.21925646	0.4924972377535119	0.14395984	0.44258175250563164	0.09148176	0.5038016097128153	0.24374549	0.4404548110921688	0.08665791	0.34896384328809055	0.15702029	0.44565985087044363
chr1	168161280	169209856	fold1	0.21985134	0.5712345078468974	0.1313366	0.6295709652594296	0.09222305	0.5286431082114215	0.14403391	0.4149319306526358	0.07675655	0.5433785332785415	0.13284029	0.5375518090497852
chr1	168685568	169734144	fold1	0.16213095	0.5744466596029433	0.12910843	0.6181947588575534	0.083691634	0.713331527087518	0.14656016	0.6375896223959953	0.08264671	0.5966605319845328	0.12082758	0.6280446199857085
chr1	169209856	170258432	fold1	0.1597958	0.6820240649805053	0.15664908	0.5837080258142076	0.115957305	0.5573187045543436	0.17488615	0.5754245569187538	0.11312284	0.45165702829463866	0.14408223	0.5700264761124898
chr1	188002304	189050880	fold1	0.11147621	0.046336313387465765	0.0965869	0.008559498091006333	0.077169806	-0.014104380779542638	0.1036624	-0.04520673559923576	0.06869914	0.06496725260930024	0.091518894	0.012110389541798787
chr1	188526592	189575168	fold1	0.089505024	-0.00908360449993352	0.10425059	0.10244003459050952	0.079232305	0.02563631415582559	0.100891374	0.030053685187762517	0.0746257	0.05389125094064842	0.089701	0.0405875360749625
chr1	189050880	190099456	fold1	0.1031443	-0.0031947963375703855	0.09108469	0.2973040848260301	0.08967383	0.010358678835212833	0.12466149	-0.09623419754744783	0.071429655	0.08579551984223856	0.0959988	0.05880585792369266
chr1	189575168	190623744	fold1	0.12619273	0.021891814524654704	0.09486731	0.5368904193945268	0.091385804	0.21880132062452784	0.12640844	0.540255164412641	0.068289965	0.4009509499834329	0.101428844	0.34375793378795666
chr1	190099456	191148032	fold1	0.11357448	0.12620146823515974	0.117989436	0.421513909065697	0.091449544	0.3344377279449484	0.16355905	0.6264751732930485	0.07889145	0.41457445944451526	0.113092795	0.38464054759667377
chr1	190623744	191672320	fold1	0.09356273	0.0701189655431357	0.08948101	0.3369666578459515	0.082138024	-0.1440614151679516	0.104260266	0.08462530205227389	0.06869745	0.0717587443671059	0.0876279	0.08388165092810308
chr1	191148032	192196608	fold1	0.093623355	0.013502031558736355	0.09940203	0.4323260699855734	0.077898934	0.10128275209317547	0.11056869	0.16530333911144562	0.06651502	0.09725527682559697	0.08960161	0.1619338939149056
chr1	196851712	197900288	fold1	0.2122935	0.3538658152768414	0.18895212	0.2505652382802424	0.16142945	0.16872557753782147	0.24974538	0.2781291048599681	0.1082925	0.20567771745737162	0.18414259	0.251392690682449
chr1	224040960	225089536	fold6	0.24375355	0.6242736628040669	0.14492993	0.8005941225608403	0.093765825	0.8366511878473497	0.15806529	0.7683136989016691	0.07283335	0.7725841226021437	0.14266959	0.760483358943214
chr1	224565248	225613824	fold6	0.14869112	0.8101677264189351	0.14411779	0.7181085637095315	0.12176531	0.5684538047521197	0.31447232	0.6191355097132755	0.14115496	0.5699919920206844	0.17404029	0.6571715193229093
chr1	225089536	226138112	fold6	0.31710047	0.7745464220301488	0.19242069	0.7495018696139966	0.11309177	0.7275624304485588	0.5296064	0.7777136732239696	0.16604137	0.7386346672241186	0.26365215	0.7535918125081584
chr1	225613824	226662400	fold6	0.18906106	0.4386728198294746	0.13096341	0.5456963982657576	0.11885615	0.3815545854288918	0.20708023	0.3916530057784601	0.09156274	0.4469996723902531	0.14750472	0.4409152963385674
chr1	226138112	227186688	fold6	0.12148535	0.66062506987859	0.10307504	0.6823306966497447	0.09410337	0.6911878600406949	0.13575132	0.6101527733592822	0.07682371	0.6096721802259238	0.10624776	0.6507937160308471
chr1	226662400	227710976	fold6	0.25916246	0.48830646719471876	0.2190123	0.46771547083641657	0.09761388	0.4763438937638948	0.22525956	0.46435494368378805	0.09601997	0.432092308230483	0.17941363	0.4657626167418602
chr10	13668352	14716928	fold6	0.1627946	0.638431264525565	0.09712885	0.7408182538235993	0.07387837	0.7679479779243273	0.13179769	0.6414610524714817	0.06401599	0.5171190621739533	0.1059231	0.6611555221837853
chr10	14192640	15241216	fold6	0.12867786	0.762334379350873	0.113544874	0.7565966301568926	0.123301186	0.7275064080412343	0.15508245	0.7257034316785057	0.08179087	0.6563507929542551	0.12047944	0.7256983284363521
chr10	14716928	15765504	fold6	0.15186962	0.6707252663249768	0.10376429	0.6170650857669367	0.12504883	0.35631870124822373	0.18744184	0.6147136771895284	0.092308074	0.4679582859961975	0.13208655	0.5453562033051726
chr10	15241216	16289792	fold6	0.13799194	0.8255442814014583	0.113724254	0.7461956920817214	0.10806899	0.598058618663127	0.1837768	0.7136144271626516	0.109694205	0.6384941327863866	0.13065124	0.704381430419069
chr10	15765504	16814080	fold6	0.19762537	0.4246370434384302	0.08675987	0.6098818159157576	0.06567554	0.32594582375255254	0.1299651	0.3730607714587481	0.070809014	0.18482099863258097	0.11016698	0.3836692906396139
chr10	16289792	17338368	fold6	0.36137104	0.7742329098472053	0.122270264	0.8228958569762007	0.0846226	0.8218457452192939	0.42927647	0.7871190507103077	0.13787274	0.7739104190754577	0.22708261	0.796000796365693
chr10	16814080	17862656	fold6	0.32673225	0.39849217332344694	0.15670958	0.5342879852948521	0.120737836	0.5677225666030355	0.30517632	0.4239908266715684	0.10591296	0.48724230438454186	0.20305379	0.4823471712554889
chr10	17338368	18386944	fold6	0.24124512	0.39967544556533763	0.15147182	0.5766168563974876	0.10055995	0.5213491433941114	0.17574093	0.5650642489795343	0.08744516	0.5518710743381449	0.15129259	0.5229153537349231
chr10	17862656	18911232	fold6	0.17231232	0.3687085518445503	0.12949048	0.4593787405737815	0.07597755	0.4979200084067412	0.12793434	0.6516971944145576	0.09900484	0.33686566348884694	0.12094392	0.46291403174569556
chr10	18386944	19435520	fold6	0.1648054	0.5131342825675458	0.12343582	0.6401407824043043	0.10686623	0.5446493048566801	0.14687102	0.7012523531880415	0.16147737	0.5504143345473308	0.14069118	0.5899182115127805
chr10	18911232	19959808	fold6	0.11740145	0.17866807003625507	0.13567273	0.3336602525703504	0.08056646	0.33858147172951714	0.119590834	0.21740849879899804	0.059263118	0.12638033726935477	0.10249891	0.23893972608089512
chr10	32286720	33335296	fold1	0.21358581	0.26991845984853996	0.16780405	0.26259863443509607	0.09827111	0.3986422732107843	0.23057118	0.273529588430575	0.09388272	0.24347675963325144	0.16082297	0.28963314311164934
chr10	32811008	33859584	fold1	0.12441844	0.7259943497513349	0.09316818	0.7870515577186287	0.07493957	0.7608814182285744	0.15584031	0.5928597381946648	0.07230612	0.7176977094495023	0.10413452	0.7168969546685411
chr10	33335296	34383872	fold1	0.07436353	0.1514355231260503	0.062300526	0.4203857623918991	0.050286718	0.3369073997036037	0.07322009	0.21186166190491384	0.053705916	0.2617307743772188	0.06277536	0.2764642243007372
chr10	33859584	34908160	fold1	0.10428058	0.7608999225970354	0.09929685	0.6363885981400549	0.08527379	0.5210351194353504	0.09409924	0.7766796599092266	0.08006672	0.4984264231127815	0.09260343	0.6386859446388897
chr10	34383872	35432448	fold1	0.1795775	0.6815966452770241	0.16557717	0.5042924987342733	0.13551414	0.4175565035148452	0.17374966	0.6718704928975182	0.10661769	0.4168278599296868	0.15220723	0.5384288000706695
chr10	34908160	35956736	fold1	0.19505382	0.6985505346670852	0.13857742	0.6980575091477803	0.16156174	0.45752235480164966	0.23415941	0.6332368108938576	0.16311863	0.39100655711309446	0.17849419	0.5756747533246934
chr10	35432448	36481024	fold1	0.18278797	0.5821077604135988	0.08074877	0.5830014082682381	0.07296951	0.5200699554335747	0.10949446	0.6055460128944217	0.14005649	0.45560111659458424	0.11721144	0.5492652507208835
chr10	35956736	37005312	fold1	0.11896217	0.1903973924952052	0.116617605	0.3895517097369438	0.062474035	0.1899358597657038	0.1204307	0.4467994643497289	0.064298645	0.07607517275116632	0.096556626	0.2585519198197496
chr10	79880192	80928768	fold2	0.24102543	0.4314047264002321	0.18344536	0.42344208734534694	0.101598315	0.4843514596159726	0.2728222	0.350625455864676	0.10480309	0.39475680318433315	0.18073888	0.4169161064821122
chr10	80404480	81453056	fold2	0.14379969	0.46050319232677445	0.1319338	0.7744924799999628	0.09946561	0.2875278437912572	0.14852776	0.2783563177547134	0.09623015	0.5622325519533198	0.12399139	0.47262247716520556
chr10	80928768	81977344	fold2	0.08585217	0.07908708899653877	0.12040847	0.6196533369356164	0.10509173	0.04909531331965014	0.10296869	0.05159192596023727	0.067762785	0.18772108631508808	0.09641677	0.19742975030542614
chr10	81453056	82501632	fold2	0.09842067	-0.02526495480507115	0.17052901	0.2702272749791986	0.076673836	0.12901485779411925	0.113469675	-0.04003384276176748	0.06523999	0.00031042519790429345	0.10486664	0.06685075208087671
chr10	81977344	83025920	fold2	0.16561398	-0.007710357428199453	0.11915966	0.26154169407808164	0.09604452	-0.04552054070633456	0.12016261	-0.04567031921852861	0.06347133	-0.01720588354938017	0.11289042	0.029086918635127766
chr10	82501632	83550208	fold2	0.16983849	-0.136865085745662	0.09178494	0.3667195588774163	0.10408415	-0.13214339667687397	0.10540012	0.17779053797553562	0.06317765	0.06916588083655306	0.10685708	0.06893349905339381
chr10	83025920	84074496	fold2	0.0928142	-0.037852151503847284	0.090141274	0.3760159762066588	0.1149979	-0.020958041337619592	0.12995644	-0.13761369307881927	0.1245441	-0.24258573910126946	0.11049078	-0.012598729762979367
chr10	83550208	84598784	fold2	0.15041767	0.6725739394702265	0.12066698	0.6365819816773106	0.096303694	0.474711052915262	0.18962944	0.5167408810987303	0.12539499	0.33952130079404363	0.13648257	0.5280258311911146
chr10	84074496	85123072	fold2	0.19154906	0.6173472819466121	0.109079935	0.6174218580987889	0.106395476	0.4953257385317425	0.23571566	0.48501857348875477	0.08202099	0.5431212123057458	0.14495222	0.5516469328743288
chr10	84598784	85647360	fold2	0.08849754	-0.03879933483175466	0.077768624	0.28872047270144063	0.062746026	0.10840217563093164	0.10140998	0.029346572859542442	0.07374147	-0.0019086580273563693	0.08083273	0.07715224566656075
chr10	85123072	86171648	fold2	0.077741906	-0.0036883329414169577	0.07371016	0.0653234460704351	0.062400248	-0.002467740970673572	0.10471122	-0.021223741466153193	0.09349832	-0.17864565453239298	0.08241237	-0.028140404768040323
chr10	85647360	86695936	fold2	0.11072944	0.7633420763243551	0.12901619	0.5966428799170594	0.087438345	0.633333890195366	0.15795855	0.6142185779309768	0.06657705	0.6478911072214351	0.11034391	0.6510857063178385
chr11	71759872	72808448	fold1	0.19680774	0.6637008197560458	0.12170357	0.6101519832429719	0.079546385	0.5850012217647322	0.17382994	0.6359113066029266	0.089855656	0.4750843836398852	0.13234866	0.5939699430013123
chr11	72284160	73332736	fold1	0.18459049	0.7995700623020615	0.14937578	0.7971336346440516	0.19472036	0.7787438682945401	0.25118768	0.7744380891671585	0.101158194	0.6960019397229851	0.1762065	0.7691775188261594
chr11	72808448	73857024	fold1	0.1533828	0.719523821260018	0.13180733	0.7119000346540661	0.07934248	0.7969968745175543	0.14338519	0.7300349928556936	0.08376272	0.6293270252001869	0.1183361	0.7175565496975038
chr11	73332736	74381312	fold1	0.12537396	0.6418521587186565	0.12912379	0.5399361414045063	0.07371148	0.5193206463568408	0.14435557	0.46668401326115316	0.07478021	0.48843826298089443	0.10946901	0.5312462445444103
chr11	73857024	74905600	fold1	0.1311707	0.5652923049497998	0.12657836	0.31363616276564166	0.06536623	0.48862222110063924	0.13827148	0.4173943795563079	0.078413054	0.42627514284745666	0.10795997	0.442244042243969
chr11	74381312	75429888	fold1	0.16333945	0.5774482385947071	0.1353169	0.4294315098599343	0.099299744	0.43193743758027986	0.17263912	0.4854920602571472	0.092413776	0.4052658696008617	0.1326018	0.465915023178586
chr11	74905600	75954176	fold1	0.19701986	0.5184970912403782	0.13673267	0.46583455010124186	0.10865394	0.42082821189650294	0.19342968	0.464061068293759	0.09453868	0.3867185593847493	0.14607497	0.45118789618332633
chr11	75429888	76478464	fold1	0.16796176	0.6834134744647189	0.14288582	0.6214114439839	0.11640849	0.49059833535995406	0.18971378	0.5813146372777954	0.09527424	0.5307435258521511	0.14244881	0.581496283387704
chr11	75954176	77002752	fold1	0.15731001	0.4710340592358693	0.1683115	0.43050110543324793	0.076142736	0.33165405138717957	0.1643744	0.39354526626046693	0.1004573	0.30857709919440574	0.13331918	0.38706231630223387
chr11	76478464	77527040	fold1	0.15593612	0.5494118769394412	0.12052669	0.6325828079815039	0.08169527	0.3394416319198181	0.17802943	0.4716062791667504	0.08251319	0.5424536749001058	0.12374014	0.5070992541815238
chr11	77002752	78051328	fold1	0.1619576	0.7335473516470306	0.17859979	0.6610221613041602	0.094380125	0.6620607895946338	0.13016	0.7886857072895154	0.07385762	0.6919469603191182	0.12779103	0.7074525940308917
chr11	77527040	78575616	fold1	0.11194202	0.6932924006326127	0.14527316	0.5548250476358998	0.05616189	0.6927825199199054	0.11992766	0.662903547306343	0.0668551	0.5564964332332138	0.10003197	0.632059989745595
chr11	78051328	79099904	fold1	0.11307263	0.7977875689673627	0.109592214	0.767279846584606	0.1382512	0.7665626829846706	0.13005368	0.791527364800694	0.08045361	0.6669185530134978	0.11428467	0.7580152032701661
chr11	78575616	79624192	fold1	0.08681183	0.6124390587612464	0.13042712	0.38956357185592755	0.08047717	0.12585658932383612	0.09626714	0.5339749860823216	0.11865109	0.0936619451194284	0.10252688	0.351099230228552
chr12	37810176	38858752	fold4	0.2647502	0.20735204265618276	0.2460262	0.5463679454860516	0.15090685	0.39931139848640995	0.35546362	-0.1031341282175957	0.12010425	0.43268763193622123	0.22745022	0.296516978069454
chr12	38334464	39383040	fold4	0.13775496	0.07026987913009279	0.08893276	0.5281522231813001	0.14612828	0.6432855688788864	0.14243183	0.06760640068348374	0.056561112	0.3762663224680438	0.114361785	0.33711607886836137
chr12	38858752	39907328	fold4	0.14311936	0.40196778521177196	0.100484915	0.6801161559183577	0.13242692	0.6030973193425411	0.15586492	0.3645582917919646	0.0795523	0.4711119727622838	0.12228968	0.5041703050053838
chr12	39383040	40431616	fold4	0.15820117	0.2691926093114967	0.11627148	0.5072545222199768	0.10732929	0.3537344743545316	0.14405471	0.37603448075025536	0.07517363	0.3897435407083925	0.12020604	0.37919192546893055
chr12	39907328	40955904	fold4	0.124497265	0.3873319154003664	0.10583633	0.522592375814969	0.10328286	0.42238937339645044	0.15006854	0.3171743752135833	0.070010975	0.45760494820997066	0.110739194	0.4214185976070679
chr12	40431616	41480192	fold4	0.14229032	0.3649324169751544	0.10301445	0.7459411030672668	0.07555996	0.488301349601464	0.1904696	0.1537570553422883	0.06830682	0.5493918367962073	0.11592822	0.4604647523564761
chr12	40955904	42004480	fold4	0.094510496	0.5850427242298966	0.10842709	0.5986515563749888	0.056253858	0.4350548907149517	0.09995351	0.4800784293905872	0.05713079	0.4342686108439681	0.08325515	0.5066192423108784
chr12	41480192	42528768	fold4	0.1423508	0.7286540895455544	0.12638806	0.4797129402183243	0.10435321	0.5980586532018141	0.14315388	0.5827880686716272	0.092936285	0.6237421033451725	0.121836446	0.6025911709964985
chr12	101257216	102305792	fold4	0.17656651	0.619693501574343	0.120429955	0.7077560409718574	0.07491907	0.6785607463880785	0.16782236	0.5284280971829939	0.08200551	0.5755317757087564	0.124348685	0.6219940323652059
chr12	101781504	102830080	fold4	0.23130026	0.5516345913788575	0.09982264	0.6288818377860774	0.10444947	0.4244905289739376	0.1329248	0.38618777377910196	0.07244097	0.5308235172063491	0.12818763	0.5044036498248647
chr12	102305792	103354368	fold4	0.32190284	0.6352234472285715	0.10199569	0.7614440445938585	0.10080661	0.786569661739122	0.15665154	0.5674208874919429	0.06530363	0.5752124882356753	0.14933206	0.665174105857834
chr12	102830080	103878656	fold4	0.22244827	0.7574054927324826	0.15696454	0.7832959954366534	0.18419023	0.8567766153323917	0.21336494	0.7106797711374045	0.1017276	0.7612590469338658	0.17573912	0.7738833843145596
chr12	103354368	104402944	fold4	0.2074863	0.3304940774273905	0.14213695	0.3569574805953269	0.18767336	0.16966936889435932	0.32681587	0.13283772364412194	0.09336698	0.3543685101851972	0.1914959	0.2688654321492792
chr12	103878656	104927232	fold5	0.1327903	0.8165364229557275	0.11148342	0.7501941044244417	0.07416974	0.7917566364773228	0.16721341	0.8228845893522198	0.07932202	0.7173018336188148	0.11299578	0.7797347173657052
chr12	104402944	105451520	fold5	0.16314858	0.7686492426400525	0.11923206	0.5539074110900495	0.116680935	0.6224290602907084	0.17935687	0.796978728939268	0.07822036	0.49812419821380116	0.13132776	0.648017728234776
chr12	104927232	105975808	fold5	0.14588988	0.7578868330113195	0.13117123	0.7208148120975052	0.11247654	0.7585387130700363	0.13972336	0.837343056620741	0.0942295	0.7310103601625404	0.1246981	0.7611187549924285
chr12	105451520	106500096	fold5	0.117391765	0.8056819389383023	0.10255021	0.8320596039613848	0.07383835	0.8441223684680385	0.117665716	0.8035275497471002	0.069365606	0.7537393865821816	0.096162334	0.8078261695394013
chr12	112541696	113590272	fold5	0.24057485	0.4914795545728458	0.122415245	0.5663527604127869	0.1712043	0.14802989258429827	0.27618253	0.31585059508818547	0.10402747	0.5024374190433024	0.18288086	0.40483004434028375
chr12	113065984	114114560	fold5	0.19166653	0.7386523936870258	0.14736177	0.7580335036486531	0.097752914	0.6753393842826056	0.21024999	0.6596215165043399	0.09004692	0.641757077421044	0.14741562	0.6946807751087337
chr12	113590272	114638848	fold5	0.16986483	0.8085920039119462	0.1603772	0.8486977263806154	0.069442965	0.6884909480347574	0.17239822	0.6749576989624548	0.10729712	0.7468046509665333	0.13587607	0.7535086056512614
chr12	114114560	115163136	fold5	0.16049542	0.7889701242245671	0.120347284	0.7257663254741974	0.08316953	0.5992769218304852	0.21039474	0.7183815671306721	0.08370586	0.7401664820465859	0.13162257	0.7145122841413016
chr12	114638848	115687424	fold5	0.09789915	0.35823124868907896	0.06591729	0.4044248973609052	0.0551079	0.11294075667138682	0.09134249	0.21768551274426887	0.062037893	0.03725291747442898	0.07446094	0.22610706658801374
chr12	115163136	116211712	fold5	0.11694563	0.8057559891044519	0.14123407	0.8230043511640235	0.0939011	0.7444182506995117	0.1990849	0.7933344814281128	0.13579889	0.8141761879236747	0.13739291	0.7961378520639549
chr12	115687424	116736000	fold5	0.23621029	0.8267480322846429	0.13905482	0.8560245304900388	0.15607496	0.8409385365503972	0.27961034	0.8707896233659121	0.13026538	0.8243675852803802	0.18824315	0.8437736615942744
chr12	116211712	117260288	fold5	0.1527485	0.6939409278238159	0.10504983	0.7259754788423809	0.07851399	0.687850858519242	0.15552834	0.6661377366963483	0.077796556	0.624931561173171	0.11392744	0.6797673126109917
chr12	116736000	117784576	fold5	0.19681147	0.802624846104233	0.110381216	0.8427436007994973	0.07617376	0.7715359147024802	0.17617078	0.7189786776599638	0.08995758	0.7724301242098575	0.12989897	0.7816626326952063
chr12	123944960	124993536	fold5	0.3496902	0.4374927065669071	0.24950892	0.46236973857498187	0.17347415	0.39629183548889035	0.49490607	0.3140874888983157	0.13563398	0.4324464590885362	0.28064266	0.40853764572352624
chr12	124469248	125517824	fold5	0.15959841	0.6887245386710382	0.10059165	0.7767270174412899	0.0996509	0.6486430874414297	0.21421677	0.656729004464102	0.102275275	0.6247975451566854	0.13526659	0.679124238634909
chr12	124993536	126042112	fold5	0.21031505	0.32399996827002575	0.08899538	0.6381969629298373	0.10158089	0.2726109422415825	0.19118127	0.2724413320741921	0.087496005	0.603677904090386	0.13591371	0.42218542192120473
chr13	46436352	47484928	fold4	0.12468744	0.8600057053864796	0.12822995	0.8828603139852672	0.15025151	0.8507022507864302	0.114815176	0.8585100862983457	0.08733635	0.7364681928087611	0.12106408	0.8377093098530567
chr13	46960640	48009216	fold4	0.11452709	0.3758418760269064	0.095535725	0.41471056240152815	0.05997617	0.2801676791925132	0.12342325	0.4108064871226451	0.19023453	0.3785146034688739	0.116739355	0.37200824164249335
chr13	47484928	48533504	fold4	0.15353449	0.37046031599100626	0.104030766	0.5559995843757446	0.09114313	0.3798908996120504	0.13433595	0.3766649658711252	0.109426476	0.3215393574903778	0.11849417	0.4009110246680609
chr13	48009216	49057792	fold4	0.1726718	0.7180343174628929	0.13731872	0.6997080659673586	0.116243236	0.7478294577127583	0.14181681	0.66512595698405	0.07854304	0.5863732890204449	0.12931871	0.6834142174295009
chr13	48533504	49582080	fold4	0.15401083	0.6873800392903263	0.12798181	0.5902354043674897	0.08619138	0.5584955654748208	0.14753295	0.5263173900282816	0.07639649	0.4035390126064282	0.11842269	0.5531934823534692
chr13	49057792	50106368	fold4	0.32320622	0.32294871482146453	0.17407885	0.44826644289155415	0.11417677	0.5500237231007001	0.33051258	0.19111061927535386	0.1267097	0.31792536317030695	0.21373682	0.3660549726518759
chr13	49582080	50630656	fold4	0.20134084	0.6206660282299763	0.11803862	0.7285496882354489	0.09821359	0.7017983448905245	0.19344771	0.5995133113422827	0.08902305	0.5747643984763527	0.14001276	0.6450583542349171
chr13	50106368	51154944	fold4	0.09332547	0.555027435326941	0.08682588	0.4005870143619006	0.054286387	0.3323956496907162	0.10903516	0.39086867585131807	0.07127165	0.11817915173535787	0.08294891	0.35941158539324675
chr13	50630656	51679232	fold4	0.21898985	0.2417847843559858	0.15030326	0.522791459407197	0.1325326	0.12300510253390963	0.28971392	0.07696195614924639	0.09299565	0.22515839956718559	0.17690705	0.23794034040270487
chr13	51154944	52203520	fold4	0.3630097	0.5781582239547841	0.22852547	0.655715668693982	0.16359693	0.6080351877895765	0.25483894	0.6681223426489585	0.10990635	0.5580920799542175	0.22397546	0.6136247006083038
chr14	19988480	21037056	fold7	0.18065257	0.6314211418607479	0.13051395	0.7304513205514221	0.11485767	0.6009783467444835	0.24153848	0.4862233021502016	0.1217701	0.6193933639157427	0.15786655	0.6136934950445196
chr14	20512768	21561344	fold7	0.20379928	0.5523043686824484	0.16501877	0.5437308057762498	0.1121116	0.6477395689393974	0.26185817	0.4561665679661334	0.08999344	0.5929630044425384	0.16655625	0.5585808631613535
chr14	21037056	22085632	fold7	0.29580274	0.4647887262747447	0.33413857	0.0873655664525625	0.12475729	0.677870642967831	0.31693742	0.4611975653107336	0.11347127	0.5187228975210948	0.23702148	0.44198907970539325
chr14	21561344	22609920	fold7	0.29452735	-0.16237128108485377	0.122095056	0.36715469090896846	0.13750288	-0.018342721327298875	0.22233391	0.31032317651269775	0.10318615	-0.044400051396401345	0.17592907	0.09047276272262245
chr14	22085632	23134208	fold7	0.19089258	0.5378773375870181	0.114337504	0.5618878050237937	0.1574945	0.35137223444663623	0.1678144	0.5194600860460423	0.14078723	0.3358864687813414	0.15426524	0.4612967863769663
chr14	22609920	23658496	fold7	0.29115266	0.36250643427428697	0.13640808	0.6336854047628548	0.18406221	0.39232964423929956	0.37025452	0.21647417916778203	0.099179655	0.47639754308323046	0.21621141	0.4162786411054908
chr14	23134208	24182784	fold7	0.2261096	0.7366381289990157	0.14995949	0.8110332770618431	0.13329138	0.642200701177967	0.29611135	0.5981395070498705	0.10302426	0.7282977979896079	0.1816992	0.7032618824556609
chr14	23658496	24707072	fold7	0.39404112	0.5669570721844864	0.27553573	0.5344773252599627	0.21031252	0.5604703155890717	0.44805348	0.547735971462235	0.23013775	0.4739430403129666	0.31161612	0.5367167449617445
chr14	24182784	25231360	fold7	0.23117754	0.7915371597994344	0.1849375	0.8302228498595042	0.102802135	0.8317139164956701	0.24955161	0.7849824845759606	0.21498777	0.7871394781128503	0.1966913	0.8051191777686839
chr14	24707072	25755648	fold7	0.22588974	0.7494974796854136	0.13788225	0.7203472578772016	0.12077159	0.7561149862377105	0.20767304	0.7102862306355878	0.08804161	0.29261564759461806	0.15605165	0.6457723204061063
chr14	25231360	26279936	fold7	0.17371294	0.1047373597418907	0.12554024	0.4996667900520405	0.08082106	0.2877785160228171	0.20156486	0.01646727325168516	0.08077305	0.08906813610807844	0.13248244	0.19954361503530238
chr14	25755648	26804224	fold7	0.13092242	-0.116985667780792	0.10750037	0.44030616866020766	0.076423325	0.09538685182878133	0.22959308	0.03997779174835267	0.06592118	0.12252600046821284	0.12207208	0.11624222898495248
chr14	26279936	27328512	fold7	0.11439498	0.05600905600806064	0.0937119	0.6205537108250189	0.08305964	0.09806757678493283	0.15624759	0.5241776350364048	0.069862954	0.08579422770001405	0.10345541	0.2769204412708862
chr15	60659712	61708288	fold6	0.17658032	0.5579721602744423	0.1027689	0.7605798356279071	0.07357828	0.5718040441355291	0.12716806	0.3477514383722657	0.121271364	0.6955233740267986	0.12027339	0.5867261704873885
chr15	61184000	62232576	fold6	0.18376592	0.8687635572631401	0.100631915	0.7365937861631873	0.09877418	0.7783433444852312	0.11245016	0.8146415971564963	0.11636803	0.791977431493772	0.12239804	0.7980639433123654
chr15	61708288	62756864	fold6	0.14235091	0.7596137851717069	0.09312615	0.7591904041575533	0.09680005	0.5468696507939875	0.1707932	0.7290733534072638	0.08109313	0.5537560674177928	0.116832696	0.6697006521896609
chr15	62232576	63281152	fold6	0.16230524	0.639793698760168	0.10779992	0.6293960183647584	0.06597508	0.6524090214766418	0.15448478	0.6532829175128789	0.082218535	0.434317675518067	0.11455671	0.6018398663265028
chr15	62756864	63805440	fold6	0.1507843	0.5966396890188385	0.10873128	0.6127797258696857	0.13945349	0.4103392545115715	0.15249208	0.5484859153799069	0.08151898	0.45246149358987203	0.12659602	0.5241412156739749
chr15	63281152	64329728	fold6	0.17952456	0.7170239368527728	0.1686599	0.7249170407016324	0.1362708	0.759813402384433	0.21237037	0.6953511734533997	0.08454036	0.730899164490375	0.1562732	0.7256009435765225
chr15	63805440	64854016	fold6	0.14224069	0.8406396978642569	0.142623	0.8273592513689906	0.1084914	0.8564601550761998	0.17600444	0.8568013116006556	0.09731581	0.7749372452337114	0.13333507	0.8312395322287628
chr16	51128320	52176896	fold7	0.122723065	0.7365763372030868	0.113837525	0.8160518024151802	0.060337428	0.5923333055653976	0.119887434	0.5615551432585597	0.069554254	0.1557835883012538	0.09726794	0.5724600353486957
chr16	51652608	52701184	fold7	0.15785621	0.7220434376604848	0.1505628	0.862535101586151	0.06924594	0.5963759141249305	0.16941467	0.5912649462434122	0.05929505	0.41855976029768055	0.121274926	0.6381558319825318
chr16	52176896	53225472	fold7	0.179948	0.651934604101089	0.08610826	0.7322556740610735	0.12720571	0.6585771161059513	0.15120743	0.6736069928599676	0.12079155	0.6020520780450124	0.1330522	0.6636852930346187
chr16	52701184	53749760	fold7	0.23278475	0.6027699439456284	0.17816705	0.5880655606075531	0.14009656	0.585350935238216	0.26996297	0.5444977681314843	0.108159274	0.5287522106100309	0.18583412	0.5698872837065826
chr16	53225472	54274048	fold7	0.13238032	0.7692107903680775	0.114415854	0.7726831481150629	0.09977907	0.4318826765627575	0.1729553	0.6312171209945276	0.07949246	0.6605022767967489	0.1198046	0.6530992025674348
chr16	53749760	54798336	fold7	0.074826606	0.6067389579502989	0.07100002	0.6803231835728082	0.056313336	0.2190603119945807	0.1023352	0.29395790472852407	0.05342299	0.4380309167137906	0.07157963	0.4476222549920005
chr16	54274048	55322624	fold7	0.11151124	0.3753866166633609	0.1086617	0.6960531012004089	0.048682775	0.22277442939255981	0.10829817	0.14233461465732716	0.05399656	0.2999877920114628	0.086230084	0.3473073107850239
chr16	74430464	75479040	fold7	0.1493072	0.711702486257811	0.12995425	0.656464336660557	0.076770805	0.7182376500677712	0.15662955	0.6743434885837645	0.086822316	0.6091620238350343	0.11989683	0.6739819970809876
chr16	74954752	76003328	fold7	0.19159378	0.7622828578055835	0.15937671	0.6386358207480163	0.09589507	0.765706825415607	0.3215471	0.6368655717228129	0.1202527	0.6165041619669644	0.17773306	0.6839990475317969
chr16	75479040	76527616	fold7	0.12350727	0.7965643874747483	0.097572014	0.8040052234659977	0.075120784	0.7516078281002114	0.14564782	0.7218859167376588	0.10194997	0.6597112163235043	0.10875957	0.7467549144204241
chr16	76003328	77051904	fold7	0.0815284	0.10930596828690517	0.11445601	0.5571846449391727	0.07381121	0.27940598763797714	0.10338239	0.12896893558114228	0.05144037	0.04693720900405091	0.08492367	0.22436054908984965
chr16	76527616	77576192	fold7	0.18636212	0.6547279238739705	0.10470156	0.8699845382427716	0.081453584	0.7241112117938088	0.16533881	0.692847181840004	0.11457675	0.6474360990541834	0.13048658	0.7178213909609477
chr16	77051904	78100480	fold7	0.18978775	0.6782994214843148	0.12848604	0.8181271090257084	0.06652567	0.7886963702401051	0.14790697	0.8358962684612934	0.075152956	0.7672376554377172	0.121571876	0.7776513649298277
chr17	47593472	48642048	fold7	0.2815667	0.517689386410453	0.22997653	0.4041971579613986	0.21022779	0.4143370274928528	0.30024	0.4331419784836812	0.119931206	0.44196077316723625	0.22838846	0.4422652647031244
chr17	48117760	49166336	fold7	0.3576137	0.53490574770111	0.2580708	0.5162970874066428	0.18234149	0.6290154300982749	0.41615722	0.4459468094938347	0.10764617	0.6384396379105606	0.26436585	0.5529209425220845
chr17	48642048	49690624	fold7	0.3001268	0.2822857611887761	0.20939639	0.32189464799601153	0.14399546	0.21498549007187462	0.2843688	0.1975953368642246	0.1155651	0.1681885440985886	0.2106905	0.23698995604389506
chr17	49166336	50214912	fold7	0.25802803	0.5828131264086527	0.1635975	0.58244515316256	0.10758797	0.6037126315392664	0.24892633	0.5257326928584523	0.09463942	0.5263101570694437	0.17455585	0.5642027522076749
chr17	49690624	50739200	fold7	0.22471352	0.6681552457621014	0.13431433	0.5880451641090781	0.10337374	0.46915237306632596	0.23054779	0.6600809230690635	0.09004256	0.4666815546727869	0.1565984	0.5704230521358712
chr17	50214912	51263488	fold7	0.23446198	0.5526018371084654	0.14566565	0.5529972852705196	0.0852519	0.5964984951315949	0.27013996	0.5317384010887962	0.089390695	0.48027238261321176	0.16498204	0.5428216802425175
chr17	50739200	51787776	fold7	0.23961715	0.524214524897705	0.25560972	0.5686450953252762	0.18052256	0.38187713507046495	0.3862463	0.41522596621211205	0.17063518	0.47266509851710503	0.2465262	0.4725255640045326
chr17	51263488	52312064	fold7	0.092514165	0.1943509761645181	0.11360208	0.6051432294441391	0.061479833	0.40202893736516837	0.10708854	0.1923890152750584	0.09097187	0.19350988015317097	0.09313129	0.317484407680411
chr17	51787776	52836352	fold7	0.1285157	0.0707067583661793	0.10243882	0.5735202685026953	0.072284065	0.3018665370253458	0.14566097	-0.015596951241137151	0.058162864	0.0650590026180316	0.10141249	0.199111123054223
chr17	52312064	53360640	fold7	0.08561197	0.02098293189719178	0.11927638	0.4150309527181823	0.06527189	0.03887223628312307	0.10773211	0.02510674224117882	0.052763537	0.0060944825363015665	0.08613118	0.10121746913519551
chr18	47030272	48078848	fold2	0.1706927	0.7836897315534369	0.09221473	0.8155913225153454	0.08590465	0.7472671876735818	0.19549578	0.6342552968622123	0.10168669	0.7419620776132005	0.12919891	0.7445531232435554
chr18	47554560	48603136	fold2	0.1759798	0.7363317179514675	0.10411284	0.7843050058904192	0.10764931	0.5905029050779501	0.29556817	0.48388230130061244	0.068458095	0.7727854299403736	0.15035364	0.6735614720321645
chr18	48078848	49127424	fold2	0.15656991	0.7341048605397741	0.0922227	0.7230706420403937	0.15051314	0.7413047443327196	0.21873026	0.7561908148266966	0.07124594	0.6366168293633333	0.1378564	0.7182575782205834
chr18	48603136	49651712	fold2	0.14748529	0.7523774428824841	0.111866385	0.7089623958601918	0.085883774	0.7267947276264841	0.16804118	0.707073866930912	0.073739074	0.6898382323822662	0.117403135	0.7170093331364678
chr18	49127424	50176000	fold2	0.18043853	0.7320730512317101	0.18516356	0.5360565801681005	0.096658	0.6583683684593535	0.25414196	0.6704482547373198	0.09431103	0.6080799657388047	0.1621426	0.6410052440670577
chr2	71389184	72437760	fold2	0.20257263	0.5901369503417394	0.13998406	0.6246905551436193	0.0693928	0.4141705281720067	0.15168123	0.41513542299882505	0.09597638	0.5194307612656539	0.13192141	0.5127128435843689
chr2	71913472	72962048	fold2	0.1349874	0.6424948543891171	0.14244437	0.5080777422854251	0.06614202	0.5892319828405046	0.15208976	0.5154338059417823	0.07423579	0.5366343939001085	0.113979876	0.5583745558713875
chr2	72437760	73486336	fold2	0.15689772	0.714418629580097	0.1597803	0.5582896634113993	0.11173554	0.5201895552464079	0.21695079	0.5892476715775637	0.09560392	0.5114150146234099	0.14819366	0.5787121068877756
chr2	72962048	74010624	fold2	0.16916902	0.6450688924621956	0.13827497	0.4993268276576977	0.088238284	0.5305063808753533	0.26277512	0.5302951068842034	0.08699837	0.46019292157324554	0.14909115	0.5330780258905391
chr2	73486336	74534912	fold2	0.22045822	0.6051003742108771	0.15684396	0.5477580425992157	0.122127235	0.5902796988025207	0.27894002	0.5408449634962261	0.08425842	0.6031879556313586	0.17252557	0.5774342069480396
chr2	74010624	75059200	fold2	0.2227362	0.46423373120003053	0.16332303	0.5239759009451281	0.12983842	0.4335289160370912	0.20433359	0.5006038972872887	0.10100907	0.5254742178526373	0.16424806	0.4895633326644352
chr2	74534912	75583488	fold2	0.16474867	0.5657733612967906	0.09886181	0.7199787679604931	0.06649768	0.7176668937412534	0.11734868	0.635465111934576	0.0755853	0.6652130261627852	0.10460843	0.6608194322191796
chr2	75059200	76107776	fold2	0.29525414	0.7024441733547367	0.14297949	0.7150975361388157	0.16813579	0.6902358177195901	0.27563587	0.6335723475260169	0.1602452	0.49814519777876687	0.20845008	0.6478990145035852
chr2	75583488	76632064	fold2	0.15337922	0.32523945389866693	0.092589185	0.4068285758511531	0.07526534	0.49649032406312277	0.13940723	0.3764966860415496	0.14914526	0.38816064555153806	0.12195724	0.39864313708120613
chr2	76107776	77156352	fold2	0.11582181	0.033267728727340434	0.15630595	0.4846405328297602	0.124751054	0.5023657204437582	0.12919359	0.15262386130286235	0.072225116	0.07915029876776007	0.1196595	0.25040962841429626
chr2	223963136	225011712	fold1	0.17803465	0.7503781055057774	0.105071865	0.7216128884312317	0.12687019	0.719831920532527	0.18739592	0.73902288204859	0.07821813	0.6096566502422252	0.13511816	0.7081004893520702
chr2	224487424	225536000	fold1	0.15257403	0.5769141413542626	0.091099545	0.5849698849846652	0.12050911	0.41815165265761095	0.19477175	0.47959100154558215	0.0753409	0.502615602371777	0.12685907	0.5124484565827795
chr2	225011712	226060288	fold1	0.13553844	0.8342929222430494	0.12187056	0.8309556878283901	0.09730083	0.6689982524906929	0.16732553	0.8099561068050091	0.1270232	0.792258603277684	0.12981172	0.7872923145289652
chr2	225536000	226584576	fold1	0.13117291	0.633532294839153	0.09872369	0.49402177422945504	0.054570377	0.3253583902049706	0.15194628	0.5431392137937904	0.07480306	0.42067395353729814	0.10224327	0.48334512532093343
chr2	226060288	227108864	fold1	0.13324349	0.7179367648112203	0.10274693	0.6339082063134356	0.09150541	0.3741483518764224	0.15096644	0.769213144256927	0.07900406	0.6168030865196145	0.11149327	0.622401910755524
chr2	226584576	227633152	fold1	0.2566116	0.3182523531588563	0.17096816	0.3214543243862081	0.13320486	0.3282258090214267	0.26307958	0.3208516088667118	0.11637268	0.17255413938790748	0.18804738	0.2922676469642221
chr2	227108864	228157440	fold1	0.2587523	0.5551448485237471	0.11979798	0.6759084526706087	0.15455727	0.5683168449212405	0.2621506	0.5076530049417181	0.090770036	0.5344168833392778	0.17720564	0.5682880068793185
chr2	227633152	228681728	fold1	0.16174242	0.5878892953037089	0.10685343	0.7394675393611126	0.08596074	0.6302747460386018	0.1573106	0.6380753779554236	0.0648695	0.6748295027186259	0.11534734	0.6541072922754946
chr2	228157440	229206016	fold1	0.1241341	0.7329776964455855	0.13884151	0.7514182719169628	0.09278534	0.25098247494359244	0.11273054	0.3047453213779912	0.06747444	0.3391520848734227	0.10719319	0.47585516991151094
chr2	228681728	229730304	fold1	0.10998086	0.43736149310656286	0.11093312	0.48714889922888494	0.06397965	0.23747417054006886	0.098024465	0.25159925370279423	0.09029269	0.3850411339711003	0.094642155	0.3597249901098823
chr2	229206016	230254592	fold1	0.123642005	0.7702779822917651	0.103017874	0.7004031360915155	0.14517263	0.6837976777085936	0.15453845	0.7224090840208112	0.1074104	0.662392369127625	0.12675627	0.707856049848062
chr2	229730304	230778880	fold1	0.12083489	0.6254312654152934	0.103503644	0.6643437521291082	0.090154886	0.5743675779920451	0.121070296	0.6198722022034138	0.062597066	0.6254392597659049	0.09963216	0.621890811501153
chr2	230254592	231303168	fold1	0.280674	0.42181609102296047	0.14300877	0.6063846764584674	0.13918489	0.48153366845264806	0.31996772	0.4331079842528595	0.103495084	0.45142850660296513	0.19726609	0.4788541853579801
chr2	236818432	237867008	fold1	0.18903291	0.8358280188491604	0.11101867	0.8467784502609891	0.102650836	0.7060915182682341	0.26205027	0.8323119557539927	0.092947565	0.6938257588788094	0.15154004	0.7829671404022371
chr2	237342720	238391296	fold1	0.23924899	0.4707645714515101	0.12174883	0.5916435047925933	0.11498043	0.43215134241930037	0.21687788	0.5359447128628421	0.10561505	0.4116723436680692	0.15969424	0.48843529503886307
chr2	237867008	238915584	fold1	0.185234	0.5649788692830524	0.1107876	0.6548139188087042	0.10010685	0.4906303581347996	0.31555527	0.5864411560161928	0.09508955	0.5849647117245764	0.16135465	0.5763658027934652
chr2	238391296	239439872	fold1	0.119175434	0.6849947797825132	0.08750104	0.7184344643796802	0.075741306	0.5572852523503357	0.15649198	0.7451376735249554	0.07923797	0.6026820936181697	0.103629544	0.661706852731131
chr2	238915584	239964160	fold1	0.14303237	0.5562559299320048	0.07858085	0.4598774982090532	0.10107413	0.16506471386728397	0.20216644	0.5211971396332935	0.06422801	0.4008893558538374	0.117816366	0.42065692749909467
chr2	239439872	240488448	fold1	0.1489427	0.7739973052946207	0.0975711	0.5897808622245513	0.07540819	0.3740358622928896	0.20128362	0.7343872800984925	0.06947071	0.6206921765954959	0.11853526	0.6185786973012101
chr2	239964160	241012736	fold1	0.13644157	0.6885502092547968	0.16886124	0.48308461564364374	0.12537307	0.36853906593515035	0.18826605	0.5667211313827113	0.08359912	0.5418185174248473	0.1405082	0.5297427079282299
chr2	240488448	241537024	fold1	0.14482573	0.5167354965615851	0.14523001	0.3525910814500867	0.10445222	0.37413994739887235	0.20729716	0.3356411500077136	0.07609362	0.2502206324985576	0.13557975	0.3658656615833631
chr20	46565376	47613952	fold4	0.18493024	0.7893624983432128	0.18774962	0.7797552682924076	0.2005928	0.629680234432355	0.115714595	0.8171058555304632	0.10219719	0.7442075779755146	0.15823689	0.7520222869147906
chr20	47089664	48138240	fold4	0.30549258	0.7482152932063845	0.14526844	0.8417970400835129	0.2852402	0.6758715766010739	0.24101058	0.7747983449823104	0.11067967	0.7309894993526018	0.21753828	0.7543343508451766
chr20	47613952	48662528	fold4	0.10613257	0.13974112412981496	0.08738927	0.40051177476014016	0.043808043	0.3679681503625566	0.09795835	-0.00795555488947791	0.06179221	0.23078437577450894	0.07941608	0.2262099740275086
chr20	48138240	49186816	fold4	0.14783673	0.8075711097096396	0.09889238	0.8247904919381487	0.10436086	0.7797768551924411	0.23916261	0.6885912920165077	0.0803831	0.726516389317616	0.13412714	0.7654492276348706
chr20	48662528	49711104	fold4	0.18168174	0.5820436724599398	0.14402987	0.6174105496292602	0.09880305	0.672637821182871	0.19137739	0.6612803297546737	0.088212505	0.5709257266555887	0.1408209	0.6208596199364667
chr20	49186816	50235392	fold4	0.1467069	0.7862102749389686	0.11970398	0.8098138315832413	0.09065421	0.8004179024170893	0.16544089	0.7505163534395457	0.08201088	0.7166350042472759	0.12090337	0.7727186733252241
chr20	49711104	50759680	fold4	0.16920002	0.7927205717416396	0.13353758	0.7831525320819259	0.12166199	0.7753852537188937	0.18343589	0.806396742339428	0.10459621	0.6963729433553052	0.14248633	0.7708056086474385
chr20	50235392	51283968	fold4	0.18286161	0.6674937150079084	0.1437096	0.5945889832614549	0.16315997	0.4783076926591042	0.22399856	0.6245970296444077	0.10349411	0.5146414399125221	0.16344477	0.5759257720970795
chr20	50759680	51808256	fold4	0.19960937	0.6836371411973958	0.15174183	0.7126047666879186	0.09228679	0.8095299625352634	0.1989878	0.7099973695922397	0.12028811	0.5798833321963855	0.1525828	0.6991305144418407
chr20	51283968	52332544	fold4	0.21541902	0.7944199789409517	0.15790904	0.7934762435730741	0.1392081	0.5404010684420111	0.25588262	0.8090697289944215	0.100112595	0.7256691507840707	0.17370628	0.7326072341469058
chr20	51808256	52856832	fold4	0.21052235	0.7893937939845866	0.1726049	0.842642783975349	0.106699236	0.34110204654717097	0.2386926	0.801839952528734	0.13017191	0.7898377112005509	0.17173819	0.7129632576472783
chr20	52332544	53381120	fold4	0.07829497	0.21115686361234584	0.07960418	0.3246606855459524	0.051199257	0.18746223562914008	0.11876871	0.05201868806002754	0.13846008	0.16377615763992856	0.09326544	0.1878149260974789
chr20	52856832	53905408	fold4	0.2297422	0.7410612455427114	0.097339205	0.706936065242695	0.12741798	0.6701340606592415	0.2397526	0.7998907069183664	0.10091673	0.6078490982780889	0.15903375	0.7051742353282207
chr21	14475264	15523840	fold2	0.16356285	0.43633333465065144	0.10585864	0.6893078373933262	0.08987132	0.5759877627518267	0.24206977	0.22813766304851768	0.06444022	0.3617945585285097	0.13316056	0.45831223127456633
chr21	14999552	16048128	fold2	0.1173812	0.6855761340583008	0.10054319	0.7366277343556804	0.078415275	0.6284976061730876	0.14328754	0.6325042909545793	0.084720984	0.5512114654349228	0.10486964	0.6468834461953141
chr21	15523840	16572416	fold2	0.13498995	0.6336019048152977	0.1106854	0.6852523009158279	0.12894107	0.31306066598382387	0.1259827	0.6194042426188301	0.16176769	0.44469558396549336	0.13247338	0.5392029396598546
chr21	16048128	17096704	fold2	0.106527075	0.47997063258983125	0.09857548	0.4059205654122615	0.066987865	0.30976491797064665	0.111548185	0.4463022881115248	0.062378824	0.09092130191129842	0.08920349	0.34657594119911256
chr21	44253184	45301760	fold1	0.22986983	0.5335728209187232	0.10553225	0.7429613525189422	0.089705445	0.6383825382602866	0.18710248	0.6783113175328194	0.09156702	0.5661758911887551	0.1407554	0.6318807840839054
chr21	44777472	45826048	fold1	0.19686623	0.5242428475432445	0.14315584	0.5041357065884585	0.083972454	0.5085342761229011	0.17996591	0.5436551227218144	0.091416925	0.5168070042684271	0.13907547	0.5194749914489691
chr3	135557120	136605696	fold2	0.17881712	0.5428487466154605	0.11794908	0.5988199692008489	0.14604674	0.6041082481783949	0.21000125	0.588636916675069	0.09782223	0.5912538121810148	0.15012729	0.5851335385701576
chr3	136081408	137129984	fold2	0.16132903	0.5939285911594727	0.13616575	0.4724366306664719	0.06876474	0.4977483106684868	0.1553628	0.5663194069165925	0.075756684	0.405784873162552	0.1194758	0.5072435625147153
chr3	136605696	137654272	fold2	0.17986365	0.8429722874721202	0.12674284	0.736174645719687	0.09589712	0.7972631361972615	0.21771485	0.7813606450645973	0.102516435	0.8231278108101451	0.14454697	0.7961797050527623
chr3	137129984	138178560	fold2	0.20799044	0.6200217191081415	0.13570553	0.6619360160471051	0.07002918	0.5029725192634621	0.18322322	0.6310899191223325	0.093114376	0.6568104465251579	0.13801256	0.6145661240132398
chr3	137654272	138702848	fold2	0.15960962	0.6372278796802826	0.13151684	0.604220205893167	0.10465091	0.3808483869796067	0.20017968	0.48477886821586763	0.09430558	0.5499234584249383	0.13805252	0.5313997598387725
chr3	138178560	139227136	fold2	0.14465217	0.6833100083586314	0.13855769	0.6173262414748051	0.08934099	0.6534909862171018	0.1612237	0.6086123851285692	0.09238894	0.5351272883356527	0.1252327	0.6195733819029521
chr3	138702848	139751424	fold2	0.22537453	0.7239730152207413	0.14784317	0.7210482820523838	0.11742561	0.6517459282283569	0.23407237	0.6785815977251027	0.10752008	0.6456781498308974	0.16644716	0.6842053946114964
chr3	139227136	140275712	fold2	0.15618777	0.5414749070534974	0.13242558	0.6294276254407548	0.07140283	0.5059914111107283	0.14516251	0.5385678783057174	0.08710595	0.6056114702713512	0.11845692	0.5642146584364098
chr3	139751424	140800000	fold2	0.07255425	0.10732832019364384	0.14413035	0.6110253584961761	0.05088109	0.27886050998027606	0.09891352	0.13998282982505617	0.06318034	0.2054581884340847	0.08593191	0.2685310413858474
chr3	184532992	185581568	fold2	0.12332758	0.720859576302015	0.11770585	0.7982600291224758	0.05778611	0.7552429723898388	0.15957136	0.6726912134118295	0.07688678	0.6998758306550277	0.10705553	0.7293859243762373
chr3	185057280	186105856	fold2	0.20698619	0.5762186559565553	0.188981	0.5148259519254975	0.11748323	0.5396920518574654	0.26024726	0.551532215328516	0.094334275	0.4904924915809286	0.17360637	0.5345522733297926
chr3	185581568	186630144	fold2	0.16330646	0.8261799395678563	0.13547425	0.8293562503819852	0.094269976	0.8005771994473578	0.22516249	0.8102302938604664	0.08638303	0.7901404353720005	0.14091924	0.8112968237259333
chr3	186105856	187154432	fold2	0.15906133	0.7221252838515569	0.14652817	0.6939357085064581	0.09540999	0.714654432895533	0.20179445	0.5879897081564968	0.08657357	0.6188452383675096	0.1378735	0.6675100743555109
chr3	186630144	187678720	fold2	0.1322261	0.6730928961624325	0.13207842	0.7241730524544997	0.21103701	0.6886776345197526	0.15842722	0.5324748221281552	0.10217427	0.6610818463060802	0.1471886	0.655900050314184
chr3	187154432	188203008	fold2	0.18003978	0.8471719591730875	0.14935836	0.85473595941624	0.0786929	0.8052835507915472	0.24914312	0.8466964772005166	0.10191271	0.7740358811950139	0.15182939	0.8255847655552809
chr3	187678720	188727296	fold2	0.10847006	0.5186315785580731	0.080557525	0.2571912194560934	0.057056155	0.2661077786003176	0.09016957	0.3826630977364808	0.0694193	0.1351550607240462	0.08113452	0.3119497470150022
chr3	188203008	189251584	fold2	0.11834981	0.7297558245844844	0.10933783	0.3088705159790751	0.05921583	0.3653118775680821	0.12109116	0.6959310257421397	0.08034236	0.13732898286275827	0.097667396	0.4474396453473079
chr3	188727296	189775872	fold2	0.15446824	0.8447684984861042	0.16557972	0.6181360566889597	0.2310162	0.5938558611600058	0.17603481	0.7678626713226494	0.109364085	0.4882788308606183	0.16729262	0.6625803837036675
chr4	4548608	5597184	fold0	0.22523862	0.6738045977132087	0.20974676	0.6527090127679549	0.0645142	0.5475511471376506	0.16518824	0.6601182210486187	0.16918002	0.6914997132859977	0.16677357	0.6451365383906861
chr4	5072896	6121472	fold0	0.33908755	0.16783107972192152	0.09757503	0.6625817634907106	0.0701081	0.534688631273894	0.1719001	0.4402914295876799	0.074728765	0.45972512012909744	0.15067992	0.45302360484066073
chr4	5597184	6645760	fold0	0.17968515	0.5860197710647561	0.10644858	0.5892232756263315	0.16977555	0.33422028885889327	0.32580408	0.3478686128407843	0.08334703	0.27693131086227407	0.17301208	0.4268526518506078
chr4	6121472	7170048	fold0	0.2001383	0.5755301615897038	0.16690063	0.5346038602492178	0.13499548	0.6123045334886827	0.2621623	0.5527776550331449	0.098414816	0.5066696374039114	0.17252232	0.5563771695529323
chr4	6645760	7694336	fold0	0.24531518	0.5729310608666366	0.13353428	0.6666530381736517	0.13064206	0.672937475141107	0.18538052	0.6999656318668959	0.110120006	0.6018839346174238	0.1609984	0.642874228133143
chr4	7170048	8218624	fold0	0.2879768	0.47640623856147807	0.11847447	0.6217146503506848	0.08965557	0.3902557796866448	0.41134727	0.469098043326773	0.07940376	0.4781443966131777	0.19737157	0.4871238217077517
chr4	7694336	8742912	fold0	0.19940916	0.6012000955982035	0.11647702	0.613043181863042	0.09273813	0.35609922061235416	0.30329674	0.5369242848683415	0.08297561	0.48329342877485965	0.15897933	0.5181120423433602
chr4	28127232	29175808	fold0	0.105783895	0.19345504741285446	0.095450476	0.015401443064237127	0.07614176	0.058569138455189004	0.09349549	0.09741599104485392	0.06145224	0.03072600048517816	0.08646477	0.07911352409246254
chr4	28651520	29700096	fold0	0.112270586	0.08412715244821467	0.09942962	-0.13130094614145896	0.079834916	0.0468208587183394	0.102011465	0.031942503962409115	0.07569833	-0.07425071773706515	0.09384898	-0.008532229749912185
chr4	29175808	30224384	fold0	0.09644393	0.04249765497252499	0.10798108	0.06980063232041352	0.083890796	0.02081282497275137	0.1069311	0.06056251649180062	0.070741944	0.02105770354865627	0.09319777	0.04294626646122935
chr4	29700096	30748672	fold0	0.09651343	0.0340452259704998	0.09137877	0.46787765759988387	0.09492953	0.1999658752843175	0.10808141	0.17172645716162804	0.06414492	0.17513119219302448	0.0910096	0.20974928164187073
chr4	30224384	31272960	fold0	0.11136984	0.1840566743065598	0.1445939	0.6154187210265485	0.079712965	0.36543267179598343	0.34345457	0.46659848977035295	0.1444722	0.5073967568883956	0.16472068	0.42778066275756804
chr4	30748672	31797248	fold0	0.10784676	0.09528896988674682	0.089910895	0.40904090077147615	0.08372635	0.17457876992523033	0.12394531	0.1578883728691646	0.11118197	0.09584739189289979	0.10332225	0.18652888106910354
chr4	31272960	32321536	fold0	0.099912286	0.012147372145712149	0.10012282	0.3431744754306294	0.09242018	0.06368957617953214	0.13079742	0.17895563319775712	0.07078371	0.21448920572586563	0.09880728	0.1624912525358993
chr4	31797248	32845824	fold0	0.09411467	0.022957757862855057	0.09319952	0.2663860913269838	0.08580682	0.2903667252216802	0.11876217	0.09139087473814689	0.072757475	0.20593433187826082	0.09292813	0.17540715620558536
chr4	32321536	33370112	fold0	0.09638545	-0.015437474510897125	0.102750674	0.4250050361318081	0.086448185	0.18893131858740214	0.112199195	-0.02836756656848927	0.07191174	0.256184212933786	0.09393904	0.16526310531472196
chr4	32845824	33894400	fold0	0.21300343	-0.15941852098583012	0.08854533	0.27008145578854476	0.08372259	0.02165913365574515	0.12831604	-0.027793141552329603	0.07399105	0.09895034038667616	0.11751568	0.04069585345856127
chr4	33370112	34418688	fold0	0.23533902	0.2801719239968564	0.10004651	0.09858360824248055	0.08377908	-0.002653570412998086	0.13351576	0.24670210159158562	0.073390685	0.054905085683325514	0.1252142	0.13554182982025004
chr4	55785472	56834048	fold0	0.14234598	0.6680538300483833	0.10563042	0.7600083510826278	0.088404596	0.5818056652227428	0.15106113	0.6194173793693435	0.07525228	0.6279983427305729	0.11253889	0.651456713690734
chr4	56309760	57358336	fold0	0.19794281	0.6835039795566202	0.14093997	0.7798038606317764	0.10698503	0.8044711766594419	0.20222688	0.7428964875671473	0.14559092	0.7576144163358784	0.15873711	0.7536579841501729
chr4	56834048	57882624	fold0	0.21582201	0.5024718564506042	0.12118636	0.7603608447174223	0.07970939	0.7069065488018639	0.20591156	0.5532778920730524	0.10784904	0.7275065084039578	0.14609566	0.6501047300893801
chr4	57358336	58406912	fold0	0.10500922	-0.005905643048666886	0.103592	0.4165042687091583	0.072993875	0.18404018936709388	0.12736861	-0.09826136226189464	0.06222857	0.12836079153510743	0.09423846	0.1249476488601596
chr5	1509376	2557952	fold3	0.13483517	0.5561098344996164	0.09545724	0.7767329789038606	0.1129293	0.5526534916262845	0.17490546	0.4678730156298329	0.1879567	0.4963043601802182	0.14121678	0.5699347361679624
chr5	2033664	3082240	fold3	0.091768816	0.01478367971733998	0.062187593	0.5577456375608466	0.056199413	0.10962812015604423	0.11345646	0.010062574993631578	0.11832951	0.12420729513698336	0.08838836	0.16328546151296913
chr5	2557952	3606528	fold3	0.09526696	-0.02197647445186258	0.0839262	0.2393299722245529	0.062208824	0.032842422770344125	0.1112796	-0.040062495145990036	0.06532823	-0.051864433797754544	0.08360197	0.03165379831985798
chr5	3082240	4130816	fold3	0.090918705	-0.00633902976748829	0.10290028	0.5289483491758582	0.06786252	0.03742865593275236	0.11762588	-0.0076726119626719606	0.06678797	-0.018510898252919565	0.08921907	0.10677089302510616
chr5	3606528	4655104	fold3	0.08786228	-0.007500036032431983	0.1016663	0.30352828837868456	0.06253838	-0.030528189461284595	0.10751895	-0.0017785410878066149	0.06251024	0.01920540147846712	0.08441923	0.05658538465512569
chr5	4130816	5179392	fold3	0.16319339	0.5757835248879034	0.13748646	0.7194350706378333	0.09090723	0.5119600789219602	0.15890637	0.22891602452320606	0.18294175	0.6171588376835375	0.14668705	0.530650707330888
chr5	4655104	5703680	fold3	0.18718003	0.7469466380063968	0.15744124	0.7914654272179694	0.099291	0.5749324017345155	0.17150897	0.48266854828315575	0.2162194	0.6329898616111819	0.16632812	0.6458005753706438
chr5	5179392	6227968	fold3	0.24179514	0.6580947875121455	0.10644386	0.8554683075325619	0.07641752	0.7212862553353543	0.18440725	0.5268819182990605	0.19401948	0.66500675861166	0.16061665	0.6853476054581564
chr5	5703680	6752256	fold3	0.22762758	0.2861833829791674	0.11693355	0.45096703759787055	0.07456961	0.20777782586551427	0.15089396	0.15179344256309604	0.13524893	0.10287160955205597	0.14105472	0.23991865971154086
chr5	59721728	60770304	fold3	0.12012379	0.20678911128624092	0.15408187	0.28602455665253473	0.10601474	0.2537077709747592	0.12115572	0.1784616536037076	0.12003054	0.08222946263110772	0.12428133	0.20144251102967003
chr5	60246016	61294592	fold3	0.19533177	0.5347046890431769	0.15561657	0.5934490718681913	0.07805993	0.6915440651719875	0.18237524	0.5410430578877875	0.10021713	0.4950953665006262	0.14232013	0.5711672500943539
chr5	60770304	61818880	fold3	0.15782522	0.6253212667930862	0.11638023	0.6215805481155977	0.0777401	0.5467237414463733	0.17701058	0.6142413468882312	0.08065759	0.5383249138405231	0.12192275	0.5892383634167623
chr5	61294592	62343168	fold3	0.17944297	0.6398135249644468	0.11290395	0.5193252516135847	0.09585448	0.38383332886485977	0.14337055	0.5233671692164754	0.07663062	0.5849939404394897	0.12164052	0.5302666430197712
chr5	61818880	62867456	fold3	0.19976735	0.7372717735341512	0.13045491	0.782998439412521	0.17416263	0.5620826115081663	0.18994763	0.6639702412947791	0.101385444	0.6373788139930524	0.1591436	0.6767403759485341
chr5	62343168	63391744	fold3	0.15815979	0.594603361886454	0.10391674	0.6007148779263641	0.09598872	0.36212206256703316	0.17291112	0.3083903888094853	0.090198584	0.5539947028843593	0.12423499	0.48396507881473916
chr5	62867456	63916032	fold3	0.08790782	0.07684386682421428	0.095661566	0.49506202939805427	0.0889568	0.25007898533718614	0.109345384	0.09423974523967017	0.059627958	0.05070906581978628	0.08829991	0.19338673852378221
chr5	63391744	64440320	fold3	0.1225854	0.4022670706664602	0.12136179	0.7005089172203943	0.10744346	0.6333006775918323	0.12887454	0.6106057447751984	0.06554404	0.28501606880203534	0.109161854	0.5263396958111841
chr5	71614464	72663040	fold3	0.16906181	0.7258004809376565	0.14112005	0.6839117583233881	0.10535916	0.5622533321352124	0.15974276	0.6808831736966797	0.07834582	0.6165834574975205	0.13072592	0.6538864405180915
chr5	72138752	73187328	fold3	0.16999696	0.7481502437814016	0.11456524	0.7230346558153108	0.13608246	0.5113649182775515	0.13694642	0.7982469408404468	0.07626967	0.7021774022630632	0.12677215	0.6965948321955547
chr5	72663040	73711616	fold3	0.13155413	0.8208216416842861	0.14062022	0.6535176867554878	0.10058021	0.6485234162934725	0.14573662	0.8140302587253357	0.080598764	0.6948287396628191	0.119817995	0.7263443486242802
chr5	73187328	74235904	fold3	0.1279834	0.7777281317678418	0.13890518	0.5974181483778981	0.09433362	0.6707704234818688	0.14826107	0.7565509046734448	0.07664957	0.6484615615901826	0.11722656	0.6901858339782472
chr5	73711616	74760192	fold3	0.11735744	0.7143684551631552	0.11711097	0.6957477103980857	0.07203803	0.6638412957465143	0.115520686	0.6657150922928151	0.06748806	0.5849913275561244	0.097903036	0.664932776231339
chr5	74235904	75284480	fold3	0.17463572	0.7124164650315877	0.15143798	0.7474369096474941	0.07956611	0.7039793808120358	0.15316147	0.6236872003409022	0.073286064	0.6813914056902208	0.12641747	0.6937822723044482
chr5	74760192	75808768	fold3	0.22616021	0.45721480368142137	0.13539861	0.6212316849571292	0.20290391	0.5044223443054193	0.19102779	0.3810622931054533	0.0692501	0.524559899144088	0.16494814	0.4976982050387022
chr5	75284480	76333056	fold3	0.19710666	0.8001292760772736	0.09724308	0.6960317067425648	0.11240628	0.7912429344983551	0.16318776	0.6097988099453481	0.114987716	0.7919673196507896	0.1369863	0.7378340093828661
chr5	75808768	76857344	fold3	0.14025229	0.6475704756465182	0.21377414	0.3676089026015537	0.09566178	0.42878659882678	0.16124159	0.5808858781948065	0.08534974	0.5216150218975955	0.13925591	0.5092933754334508
chr5	76333056	77381632	fold3	0.18863738	0.6327076359621919	0.14116348	0.5400620791091088	0.121253595	0.47362011870434345	0.24601488	0.5251368088487035	0.107772484	0.40998958039968003	0.16096836	0.5163032446048055
chr5	76857344	77905920	fold3	0.16025259	0.7401939458241478	0.1588808	0.6337099042250622	0.109178945	0.5894246037368109	0.18535051	0.6734158056241445	0.104969196	0.518557612926189	0.14372641	0.6310603744672709
chr5	77381632	78430208	fold3	0.19772649	0.34279606161470166	0.2106954	0.34370534001028996	0.087382875	0.45397206890970093	0.15543804	0.4638003009581275	0.08803634	0.37729727790113404	0.14785583	0.39631420987879085
chr5	100401152	101449728	fold4	0.13664854	0.05589093553138014	0.099716924	0.2918734789271412	0.17233422	-0.013809283520680952	0.14096974	0.08524455682626837	0.07639465	0.011404963586070693	0.12521282	0.0861209302700359
chr5	100925440	101974016	fold4	0.14826937	0.1493498920120407	0.10422443	0.5573260759515244	0.09457936	0.2621220378418297	0.15129347	0.3592462299770117	0.068698786	0.39674642335030835	0.11341308	0.344958131826543
chr5	101449728	102498304	fold4	0.18706085	0.11643873034156661	0.12515114	0.5109925732640705	0.10508968	0.17326764912224074	0.21114701	0.03158537319734284	0.069222756	0.4024847328069543	0.13953428	0.24695381174643502
chr5	101974016	103022592	fold4	0.28215083	0.20622168318803794	0.114906594	0.5449687565875627	0.10120304	0.3330272353778164	0.25095725	0.1922806546399152	0.092844814	0.3133100852156596	0.16841249	0.31796168300179833
chr5	102498304	103546880	fold4	0.20895164	0.7131299732523984	0.15545048	0.5995299802399381	0.10101188	0.6922250438848254	0.19405209	0.7010154378548339	0.110111654	0.5917989417678019	0.15391555	0.6595398753999595
chr5	103022592	104071168	fold3	0.2901893	0.7119097261833733	0.11285281	0.6793549182190604	0.095720515	0.6177344641725264	0.14453968	0.6436284033227487	0.08300031	0.6089592266282148	0.14526053	0.6523173477051847
chr5	103546880	104595456	fold3	0.10522276	0.24468161781137618	0.1380547	0.4344707864903404	0.08955837	0.3142500568187743	0.17678368	0.48415558752664634	0.08927526	0.296454232752172	0.119778946	0.35480245627986184
chr5	104071168	105119744	fold3	0.09523839	0.05108582853300721	0.10802228	0.1596295888054781	0.08303893	0.0905181906906157	0.15657996	0.1489980146683877	0.076234825	0.03868952221529505	0.10382287	0.09778422898255676
chr5	104595456	105644032	fold3	0.092319	-0.010172821375152933	0.086045355	0.02084579820363328	0.08889868	-0.024691914274220107	0.1139562	-0.007974860319928735	0.06566789	-0.03570168203139675	0.08937742	-0.01153909595941305
chr5	105119744	106168320	fold3	0.1096007	0.020828733512175762	0.097725935	0.006368638853468782	0.092902064	-0.017817576508886608	0.108648464	0.25588918133875777	0.069810525	0.033531277799895204	0.09573754	0.05976005099908217
chr6	68403200	69451776	fold6	0.16461487	0.03304966148910652	0.10684999	0.4508426197160748	0.084180854	0.24459159444592246	0.21198411	0.016640664396133584	0.07591335	0.0754030838175537	0.12870863	0.1641055247729582
chr6	68927488	69976064	fold6	0.1232756	0.43071197103012626	0.090611376	0.5345487105647434	0.08331206	0.6473884194537947	0.16150998	0.13732795064607653	0.10197135	0.6343872941884837	0.112136066	0.4768728691766449
chr6	69451776	70500352	fold6	0.2485368	0.39236357923204607	0.15278561	0.5805680527795977	0.14900528	0.6839184824767878	0.19885865	0.492230384640564	0.11393285	0.5049742643249295	0.17262384	0.530810952690785
chr6	69976064	71024640	fold6	0.19932273	0.7103737083569098	0.18334725	0.6601817375547734	0.11940938	0.7372791049194404	0.16579455	0.6923469215728558	0.11023888	0.699317441939218	0.15562256	0.6998997828686394
chr6	70500352	71548928	fold6	0.20021513	0.4654215894249177	0.10903441	0.641442609335154	0.12947802	0.4540783376427354	0.2151366	0.35085675710494596	0.08472064	0.4257537408664584	0.14771695	0.46751060687484225
chr6	71024640	72073216	fold6	0.18288456	0.5875636831023741	0.08965075	0.6944075788865646	0.09014602	0.4436311652153844	0.2243994	0.4298270704909793	0.11119495	0.6764718843392339	0.13965514	0.5663802764069071
chr6	71548928	72597504	fold6	0.11284571	0.8049222066756863	0.096861504	0.7472427506925309	0.09298794	0.6436739831368828	0.12311139	0.6319466041610666	0.15925315	0.5551626407319813	0.11701194	0.6765896370796296
chr6	72073216	73121792	fold6	0.17529245	0.5246517971380894	0.094325446	0.6362434874184051	0.18856686	0.7447390623933424	0.13567394	0.5018630164690918	0.124912016	0.6927214713075281	0.14375415	0.6200437669452914
chr6	72597504	73646080	fold6	0.1421888	0.816081320570828	0.14088516	0.8142579964596874	0.08421857	0.8291498481574288	0.16871609	0.8319103654429427	0.11665733	0.8342775385271948	0.13053319	0.8251354138316163
chr6	73121792	74170368	fold5	0.2074936	0.46347805490374716	0.24510585	0.38908106536663245	0.1830003	0.44763915498238743	0.2535917	0.28611146803854653	0.11439037	0.4189540370215281	0.20071635	0.40105275606256835
chr6	73646080	74694656	fold5	0.15616252	0.3363337740060805	0.10489185	0.40403508031114094	0.12711737	-0.08826747145775946	0.16308343	0.17436426133954236	0.06787921	0.433903966386394	0.12382688	0.2520739221170797
chr6	74170368	75218944	fold5	0.14418982	0.12523918872819526	0.09352426	0.14149239402677813	0.08422441	0.17164555989662242	0.15280777	-0.1907551088683371	0.06308397	0.11464184807240076	0.107566044	0.07245277637113189
chr6	74694656	75743232	fold5	0.16047822	0.7557737578246898	0.12007796	0.8040497838701618	0.109724514	0.7722651625109153	0.17155226	0.7211573332085893	0.08421195	0.744586553857552	0.12920898	0.7595665182543817
chr6	75218944	76267520	fold5	0.16953564	0.7514918552658727	0.14983995	0.6983987655867189	0.13238168	0.6798914040405557	0.2998333	0.5880656842147061	0.10717623	0.630930519422711	0.17175336	0.6697556457061128
chr6	75743232	76791808	fold5	0.14803874	0.5032678051078177	0.11358069	0.5648187480420984	0.07578822	0.5214255207765935	0.1369232	0.423742109177243	0.064407535	0.5631917117910786	0.10774769	0.5152891789789663
chr6	76267520	77316096	fold5	0.09323258	0.22990380628102902	0.16977577	0.31866386062295643	0.0766068	0.10976358689765396	0.10382699	0.3226027154206541	0.06860998	0.294002902513361	0.102410436	0.25498737434713087
chr6	76791808	77840384	fold5	0.20167586	0.5951770084762145	0.12568983	0.42299422837658046	0.07541195	0.34575092838506527	0.15827177	0.6541607427643985	0.10283733	0.5921196687752449	0.13277735	0.5220405153555008
chr6	115486720	116535296	fold5	0.19239502	0.7050438152991636	0.12599568	0.7118185462072865	0.103827566	0.5082193936194311	0.20425159	0.6120784649480691	0.10513401	0.6011088485954819	0.14632078	0.6276538137338864
chr6	116011008	117059584	fold5	0.27242798	0.644340046718825	0.11100137	0.7455040354380886	0.12800269	0.6967443465214687	0.29415622	0.6822277907235129	0.0876527	0.5537925396149143	0.17864819	0.6645217518033619
chr6	116535296	117583872	fold5	0.17329732	0.7290352184894641	0.11301356	0.7189804805767609	0.115265734	0.586824925227862	0.17642117	0.5576710240857932	0.08927294	0.6196779054768007	0.13345414	0.6424379107713362
chr6	117059584	118108160	fold5	0.34083182	0.5124302044246288	0.20024869	0.3312917243458994	0.14677517	0.3775820882110297	0.29106298	0.4954194481394511	0.11574006	0.38776078921841506	0.21893175	0.4208968508678848
chr6	117583872	118632448	fold5	0.18256868	0.17478879256196467	0.16756496	0.5545335665260067	0.09125335	0.6242665234106061	0.23329903	0.3414955467740616	0.1022336	0.5167079576428185	0.15538391	0.4423584773830916
chr6	118108160	119156736	fold5	0.17688784	0.6406947026379876	0.122967236	0.682968610568537	0.11015631	0.5027968150936645	0.18592678	0.6952345095620562	0.09550641	0.5793202942010365	0.13828893	0.6202029864126564
chr6	118632448	119681024	fold5	0.17076483	0.6186913995311388	0.124751486	0.6670071209717255	0.10538437	0.5978333418620975	0.16126312	0.6614268571966628	0.08029917	0.6443907409654034	0.1284926	0.6378698921054056
chr6	119156736	120205312	fold5	0.10070779	0.04915123202092728	0.1360935	0.44830083951384475	0.10934066	0.3771099354924773	0.1460392	0.19758616399856613	0.07761812	0.44051346659393276	0.113959864	0.30253232752394965
chr6	119681024	120729600	fold5	0.09546642	-0.0426647884121224	0.12207103	0.3412704980673053	0.0731053	0.09560709742150876	0.11772737	-0.025870224919195328	0.072156765	0.10738316999948232	0.096105374	0.09514515043139574
chr6	120205312	121253888	fold5	0.19566566	0.35762150990515984	0.15908077	0.40101692575605297	0.11482361	0.028559732693595644	0.15396544	0.4547183735248211	0.077685274	0.4808096604797495	0.14024416	0.34454524047187585
chr6	144566272	145614848	fold5	0.20413315	0.627274240957943	0.09246536	0.5767732511234315	0.06957599	0.3290353406164028	0.10862887	0.473002865553302	0.10064896	0.491526877411371	0.11509047	0.4995225151324901
chr6	145090560	146139136	fold5	0.17069028	0.6313217954488191	0.095678054	0.7722917250044931	0.09470364	0.6021542189752219	0.14810851	0.6553486913415258	0.08902483	0.7505071169416739	0.119641066	0.6823247095423468
chr6	145614848	146663424	fold5	0.18173514	0.7661967718240036	0.09748102	0.6993098426436887	0.088913694	0.5587004597851863	0.15730363	0.7310215975756235	0.09559896	0.7652261756985962	0.12420648	0.7040909695054196
chr6	146139136	147187712	fold5	0.17269279	0.8135119013038122	0.08736263	0.7572653546016784	0.07663276	0.6633973839603152	0.14313719	0.7971642331129152	0.089507796	0.764227755357571	0.11386664	0.7591133256672584
chr6	146663424	147712000	fold5	0.24571364	0.8262240972491234	0.10747231	0.7931771817367751	0.110768035	0.48418213378142955	0.18022177	0.84261942153983	0.076392636	0.7338721118938628	0.14411369	0.7360149892402041
chr6	147187712	148236288	fold5	0.15648061	0.7161809948206252	0.08311219	0.6817386483737073	0.06554897	0.6183778572153796	0.14176789	0.7524833330563148	0.06427464	0.6577011307622279	0.10223685	0.685296392845651
chr6	147712000	148760576	fold5	0.1506502	0.7509733183162698	0.10367831	0.8554871938894227	0.100534566	0.5478935392970418	0.114407025	0.7761756773300952	0.07089992	0.6461907730770083	0.108034	0.7153441003819676
chr6	148236288	149284864	fold5	0.14100946	0.8243289821728627	0.16707993	0.7896295970461197	0.09255374	0.8093255449174686	0.14931172	0.7977834506012674	0.071109414	0.7814956365541663	0.124212846	0.8005126422583769
chr6	148760576	149809152	fold5	0.13151293	0.8399162669559317	0.1320188	0.7824175649913104	0.08594684	0.8607340592978184	0.15368724	0.8129678063451486	0.0848855	0.7935796704903103	0.11761026	0.8179230736161041
chr6	149284864	150333440	fold5	0.17829648	0.62264858615677	0.12315252	0.6221807361956143	0.10151045	0.5077217095611066	0.22562833	0.5591893544798353	0.102485016	0.4569473567140476	0.14621456	0.5537375486214747
chr6	149809152	150857728	fold5	0.1953926	0.747262791081673	0.10151849	0.767589276449243	0.07444726	0.5899576360655472	0.16665769	0.6827092751982561	0.07410496	0.6903593864363463	0.1224242	0.6955756730462131
chr6	150333440	151382016	fold5	0.27314785	0.6875589615184543	0.11588577	0.7640660729801559	0.09117295	0.7607484661626576	0.35246092	0.7118638275481279	0.09308802	0.7862064470471396	0.1851511	0.742088755051307
chr6	150857728	151906304	fold5	0.19541298	0.6817309139171555	0.20659986	0.719499039685698	0.086197294	0.716152677998966	0.44916883	0.6869646460998515	0.13483241	0.707008741721457	0.21444228	0.7022712038846256
chr6	151382016	152430592	fold5	0.25382334	0.4764882524039696	0.15451053	0.5188783376534639	0.08186836	0.5215662961070805	0.26222152	0.4540678371837974	0.08318352	0.5337270402028039	0.16712146	0.500945552710223
chr6	151906304	152954880	fold5	0.18080994	0.5440364062472325	0.11986243	0.41727389558167677	0.14990227	0.10445834115587112	0.18018182	0.49433161762559513	0.07941677	0.3582609960222642	0.14203463	0.38367225132652794
chr6	152430592	153479168	fold5	0.18923746	0.5544931878652789	0.15793495	0.42386284921843026	0.15350556	0.10355710078727431	0.22681946	0.3555523196699876	0.12521651	0.29954577244229696	0.17054279	0.34740224599665365
chr6	152954880	154003456	fold5	0.118969575	0.14565811992126684	0.1513476	0.421770125672375	0.09627488	-0.02193539409274638	0.15730517	0.007162617477149953	0.09391876	0.19775855948078003	0.12356319	0.15008280569176508
chr6	153479168	154527744	fold5	0.23877664	0.48835697966734465	0.09182361	0.5933975282086917	0.10934893	0.5316874743087764	0.1967979	0.569616647857604	0.095420435	0.5767948987187943	0.1464335	0.5519707057522423
chr6	154003456	155052032	fold5	0.21865268	0.5438181038951014	0.15866157	0.4758612953608053	0.125048	0.456616650586749	0.17952581	0.6084937414630914	0.09457232	0.4250400069497338	0.15529206	0.5019659596510962
chr6	154527744	155576320	fold5	0.23735853	0.7166903530482241	0.17952599	0.7380622341755206	0.14022206	0.6381050143047069	0.21098186	0.7284223804575803	0.105533265	0.6618747116471299	0.17472433	0.6966309387266323
chr6	155052032	156100608	fold5	0.23452744	0.5629822275378945	0.14213036	0.7054446023313493	0.1415534	0.4335825192133793	0.20317781	0.5897312761550415	0.088155515	0.6580927949634825	0.1619089	0.5899666840402294
chr6	155576320	156624896	fold5	0.07431658	0.2519019469563879	0.07603441	0.3165862943735903	0.05856222	-0.008946510644974629	0.08661917	0.05033443011274127	0.06490359	0.08283190706345468	0.07208719	0.1385416135722399
chr6	156100608	157149184	fold5	0.1225904	0.5441958074825918	0.11541024	0.36729475523134897	0.15945533	0.17543904072735952	0.14632511	0.40312847867244345	0.076188095	0.39989051103405837	0.12399383	0.3779897186295604
chr6	156624896	157673472	fold5	0.1688	0.6997829863491756	0.1855915	0.5596872794036047	0.10840261	0.6726621522018813	0.24690367	0.6413938523032165	0.09116591	0.5876343501968114	0.16017273	0.632232124090938
chr6	157149184	158197760	fold5	0.16714616	0.5451477993717151	0.10470354	0.6218066008435603	0.084921844	0.6033433481544982	0.18718344	0.5358193433092961	0.08436547	0.4493465711929766	0.12566409	0.5510927325744093
chr6	157673472	158722048	fold5	0.14835863	0.7609883057224774	0.12726785	0.7727337857904069	0.13058282	0.7915477256408529	0.17639954	0.7866232160680932	0.07992661	0.6931956327157299	0.13250709	0.7610177331875121
chr6	158197760	159246336	fold5	0.15676408	0.698429524441659	0.16146785	0.6958907367748268	0.06770001	0.760421239463478	0.1724829	0.7030767739766557	0.12242907	0.5417065476146772	0.1361688	0.6799049644542593
chr6	158722048	159770624	fold5	0.20899445	0.8528601042797749	0.14627421	0.845145464948027	0.1521441	0.8078515476468713	0.16650596	0.8440172874225885	0.13394286	0.858894603060074	0.1615723	0.8417538014714671
chr6	159246336	160294912	fold5	0.21632539	0.6743023426702538	0.15392683	0.5720685247308469	0.107340954	0.6896215003007353	0.2609246	0.5531026641020246	0.08396664	0.6028580759538418	0.16449687	0.6183906215515405
chr7	20948992	21997568	fold6	0.117709026	0.36072816205395697	0.107906245	0.598304389664094	0.12885308	0.39938684314004697	0.11117699	0.30196609656309986	0.081929184	0.43699337305318	0.10951491	0.4194757728948756
chr7	21473280	22521856	fold6	0.14157227	0.7729357450078869	0.091688514	0.7567851604574459	0.075655036	0.736497853279145	0.14038435	0.6704772712728976	0.07976778	0.6295350601364965	0.105813585	0.7132462180307744
chr7	21997568	23046144	fold6	0.21379997	0.742604131899503	0.1240016	0.8333329954900458	0.08696536	0.7890052742079221	0.29527083	0.7452156541531634	0.08203479	0.7493304654286105	0.1604145	0.771897704235849
chr7	22521856	23570432	fold6	0.17682633	0.6585511679689408	0.19701725	0.7309395048116084	0.08872548	0.7559150637429632	0.15813102	0.6535866050587783	0.09130372	0.6280459268624367	0.14240076	0.6854076536889455
chr7	23046144	24094720	fold6	0.27317697	0.5276855882996127	0.19721012	0.5572854096569804	0.13043335	0.6048050492610539	0.486343	0.38010797937196017	0.10513467	0.48809757442262014	0.23845963	0.5115963202024455
chr7	23570432	24619008	fold6	0.10867081	0.5418883234550587	0.14287792	0.4877506367758426	0.065421574	0.4478495689600515	0.10943716	0.41318680009780495	0.05901399	0.5407021655828389	0.0970843	0.4862754989743193
chr7	24094720	25143296	fold6	0.2097544	0.6626673900509629	0.15930843	0.7443279116750656	0.10965096	0.6875530655104579	0.17822455	0.5947006894368696	0.07278258	0.672416668784061	0.1459442	0.6723331450914835
chr7	24619008	25667584	fold6	0.39888117	0.7301090177012314	0.13375662	0.7923648158536226	0.2152309	0.7835486132083832	0.34482837	0.7180684978093635	0.16059238	0.7253188986535654	0.2506579	0.7498819686452333
chr7	25143296	26191872	fold6	0.1718635	0.4509474177443402	0.19381095	0.789216676963794	0.1887172	0.6382283701288289	0.15198167	0.5415115997949715	0.19174181	0.5821741716801928	0.17962302	0.6004156472624256
chr7	25667584	26716160	fold6	0.22744067	0.577277937935797	0.20964769	0.7373003434805641	0.14919813	0.6545536109844929	0.21173	0.5455693821869355	0.13374883	0.6111201765104318	0.18635306	0.6251642902196443
chr7	26191872	27240448	fold6	0.16785158	0.6246359964849546	0.124626346	0.7503845641365795	0.08068936	0.739739624946162	0.2066294	0.5226057366879201	0.08553988	0.6623848486483583	0.13306731	0.659950154180795
chr7	26716160	27764736	fold6	0.16761144	0.8097334139749325	0.1843993	0.7148621356538817	0.07404259	0.7195335114567892	0.19822721	0.7989664246703906	0.11233135	0.7966263037746284	0.14732237	0.7679443579061245
chr7	35174400	36222976	fold6	0.16968259	0.7502890776343834	0.11825936	0.7532969481105246	0.15220629	0.6662377178404666	0.1887542	0.6626271869159853	0.083541214	0.6366850363974597	0.14248873	0.693827193379764
chr7	35698688	36747264	fold6	0.20624991	0.8109136107800842	0.15107991	0.8038746609102052	0.11089763	0.7690507610003814	0.2137498	0.7722509613004243	0.124961235	0.718884724418776	0.16138771	0.7749949436819742
chr7	36222976	37271552	fold6	0.28003177	0.6669465044410458	0.13610631	0.7550648356073945	0.088997014	0.6545278412563214	0.16247682	0.7057120256821813	0.12908292	0.7381220718845379	0.15933898	0.7040746557742963
chr7	36747264	37795840	fold6	0.16962771	0.45682125439862187	0.11436309	0.7205019231791071	0.07538372	0.5083224676721939	0.1643496	0.4356908924883246	0.103539884	0.5206101844250387	0.1254528	0.5283893444326573
chr7	37271552	38320128	fold6	0.19260608	0.2747853985255748	0.14690661	0.6116285809675805	0.10974717	0.629345974323578	0.19027667	0.358636856249039	0.088508435	0.5085224401159208	0.14560899	0.4765838500363386
chr7	37795840	38844416	fold6	0.19213142	0.615836514873984	0.1554222	0.6471183805202512	0.14364278	0.5714840954872549	0.21407373	0.5562755694462593	0.10880105	0.4610414740205666	0.16281423	0.5703512068696632
chr7	38320128	39368704	fold6	0.15773155	0.5747883629696025	0.11987621	0.6681159966027348	0.11453182	0.3997852076997361	0.15716998	0.5126249006042167	0.106392555	0.41194792129086366	0.13114043	0.5134524778334308
chr7	51410944	52459520	fold4	0.091447234	0.014337733452719393	0.14895163	0.17130061326165777	0.06776821	0.000990510688536317	0.116800845	-0.005824299945473216	0.085639216	-0.012591814306448871	0.10212143	0.03364254863019828
chr7	51935232	52983808	fold4	0.10244773	-0.08818273673859216	0.14832859	0.03950683701351694	0.07455194	0.004808366118705282	0.12041101	-0.034476836627633914	0.067236565	-0.03647804619491759	0.102595165	-0.022964483285784286
chr7	52459520	53508096	fold4	0.11297396	-0.12901091755373512	0.10742899	0.03169756720087711	0.07558886	0.05026348503346378	0.1131318	-0.031649465802201016	0.06656521	-0.006390269242681484	0.09513776	-0.017017920072855346
chr7	52983808	54032384	fold4	0.09017971	0.021863219049683944	0.08404417	0.1996093895400928	0.07419682	0.018792532432401494	0.10792681	-0.00779831035380885	0.06677981	-0.004769401948455708	0.08462547	0.04553948574398274
chr7	53508096	54556672	fold4	0.09676903	0.03599071599061999	0.08834769	0.4406473930157624	0.082492314	0.0692084730460732	0.1265123	-0.0198993119245618	0.061982505	-0.0148761956623766	0.091220774	0.10221421489310342
chr7	54032384	55080960	fold4	0.21804367	0.8193294148777227	0.10644642	0.7508424103114733	0.09929365	0.5606659015473606	0.19262424	0.7527355095371302	0.09976687	0.7107216307620545	0.14323497	0.7188589734071482
chr7	54556672	55605248	fold4	0.2099854	0.8043715152826125	0.118555546	0.7249741388909372	0.09064984	0.7365581370805216	0.25714508	0.7950814462929114	0.085071586	0.7373436069712392	0.1522815	0.7596657689036443
chr8	123215872	124264448	fold3	0.18376777	0.7022789114243383	0.15526879	0.5168220693337888	0.06881831	0.6015409617910752	0.14125387	0.6866270071951965	0.057829734	0.669725184844979	0.1213877	0.6353988269178756
chr8	123740160	124788736	fold3	0.1597045	0.8361498162847937	0.12042864	0.847160682040033	0.09443245	0.854485147943393	0.15108712	0.8666024656353845	0.07924894	0.841401029905387	0.12098034	0.8491598283617983
chr8	124264448	125313024	fold3	0.17830344	0.8636669096557406	0.15278092	0.8344525758080245	0.13051935	0.8215825364296316	0.18958329	0.8841239559190427	0.12470097	0.7819249096827988	0.1551776	0.8371501774990475
chr8	124788736	125837312	fold3	0.14852563	0.843544093087294	0.11135766	0.8729571145122577	0.122665666	0.8577297118731076	0.18795605	0.8832119879395665	0.09437617	0.7973481672891364	0.13297623	0.8509582149402725
chr8	125313024	126361600	fold3	0.3192138	0.8054846746555584	0.09126853	0.7972200139100705	0.121317886	0.6674502586773903	0.28429016	0.8272049045747967	0.09819258	0.7716894239044173	0.18285659	0.7738098551444466
chr8	125837312	126885888	fold3	0.09196304	0.17541029303137132	0.124657266	0.46127949095086745	0.063119836	0.24771305827761142	0.108509846	0.2522826813526256	0.06854973	0.25689314420880816	0.091359936	0.2787157335642568
chr8	126361600	127410176	fold3	0.16910617	0.6494202921129665	0.117876835	0.7700646824590668	0.18611039	0.36806237177213585	0.13917819	0.7479918003650671	0.092431106	0.5256483158666765	0.14094053	0.6122374925151826
chr8	126885888	127934464	fold3	0.3182303	0.7387548713813857	0.18425757	0.7714848609107637	0.17986807	0.3695747561037882	0.33405304	0.6956951762613581	0.08891152	0.5283211739106457	0.22106412	0.6207661677135883
chr8	127410176	128458752	fold3	0.23963599	0.7361866017868374	0.1379896	0.5956702620694678	0.06097331	0.5608389104924906	0.2951824	0.7221432089636215	0.06601147	0.5355447131190391	0.15995857	0.6300767392862914
chr9	131866624	132915200	fold5	0.21659772	0.5291875134673618	0.14973049	0.6194064299177949	0.14354217	0.33188530739168676	0.24386837	0.5226235909429892	0.08936843	0.5045666780536917	0.16862145	0.5015339039547049
chr9	132390912	133439488	fold5	0.23763703	0.4817924571767435	0.1432867	0.604275922271212	0.13277642	0.4640955314592733	0.26622874	0.4630666717875551	0.1000436	0.5246705008252652	0.1759945	0.5075802167040099
chr9	132915200	133963776	fold5	0.22717685	0.5813445163237978	0.17634992	0.5479185114365098	0.14152133	0.40330705601428113	0.26960668	0.4361815182107137	0.11867323	0.45723306423756044	0.18666561	0.48519693324457264
chr9	133439488	134488064	fold5	0.14025553	0.8169934564253768	0.11133406	0.7796059155893629	0.094292484	0.7513866511585794	0.16119078	0.7770265583564382	0.08147946	0.7240450979557713	0.11771047	0.7698115358971057
chr9	133963776	135012352	fold5	0.28147402	0.39537480445215095	0.10095742	0.5964331076279906	0.08940283	0.48678401582818215	0.3951333	0.3275827763622789	0.090419896	0.4985515309101501	0.19147749	0.46094524703615053
chr9	134488064	135536640	fold5	0.3184883	0.32661900367398283	0.08365825	0.7312234375886755	0.06132137	0.4954331288582966	0.6801574	0.18352807977065527	0.0745968	0.5385187245291094	0.24364443	0.455064474884144
chr9	135012352	136060928	fold5	0.23641194	0.4902901228990376	0.11277604	0.7059507137476618	0.1415887	0.3082854204219297	0.3175618	0.3431333045717301	0.095086366	0.5722233249235865	0.18068497	0.48397657731278915
chr9	135536640	136585216	fold5	0.29217243	0.5233093388783686	0.20194954	0.5501454109268769	0.18499696	0.2923014226513168	0.32679883	0.48999585909836973	0.14122824	0.44006892108198287	0.2294292	0.45916419052738294
chr9	136060928	137109504	fold5	0.35625976	0.5893167276159056	0.2884169	0.5867580163133418	0.18471156	0.5432618471283414	0.3897899	0.5291684376636768	0.19275784	0.5174558907793219	0.2823872	0.5531921839001175
chr9	136585216	137633792	fold5	0.45598772	0.5265033881405576	0.45222878	0.3976752043669187	0.21259806	0.5415999497175958	0.468775	0.5178733633546999	0.27009887	0.34212686202755976	0.3719377	0.46515575352146643
